id,ingreso_estimado,frecuencia_anual,gasto_promedio,antigüedad_meses,educacion,ciudad
USR-000000,224.37122976556117,6.0,50.192989780999376,74.94371666371671,universidad,Cucuta
USR-000001,87.53258513933041,7.0,487.10859777037564,13.97207390859337,universidad,Cucuta
USR-000002,306.5300635117657,13.0,41.900667153528104,6.042655548333826,Universidad,Cúcuta
USR-000003,350.1617888288674,5.0,26.152271861803108,8.645339906905381,Tecnico,Cartajena
USR-000004,46.259894117412315,9.0,57.22051988504897,20.197640546326582,universidad,Bogotá
USR-000005,72.85523173249344,5.0,53.70623900280143,16.260674609963445,primaria,Medellín
USR-000006,198.2419555156666,12.0,32.91549142220928,4.951875580082901,POSTGRADO,Pereira
USR-000007,145.2752451369983,4.0,705.8029996317148,12.383802111049576,Primaria,Cúcuta
USR-000008,179.1528209173987,3.0,86.54150732529146,31.857236030357853,Universitario,Medellín
USR-000009,4131282.2625945807,6.0,96.60669609500641,5.4111433177302874,POSTGRADO,Cúcuta
USR-000010,335.48544833598214,7.0,45.46921189162628,6.775494442923071,universidad,Cúcuta
USR-000011,312.4530927782522,12.0,41.1264920886092,20.503276123091243,primaria,Cúcuta
USR-000012,189.84757024216395,7.0,175.87616484831676,48.331158244836715,Universidad,Pereira
USR-000013,399.04286606958283,6.0,15.435780045765172,14.009697253552694,Técnico,Cartagena
USR-000014,251.4531122054641,8.0,24.16039293881848,3.777260845036253,primaria,Bogotá
USR-000015,99.33473177219125,11.0,55.48385672733276,3.7643655585610096,Tecnico,Cucuta
USR-000016,234.65715848694484,7.0,223.7948657451249,13.05248558534657,Postgrado,Bogotá
USR-000017,,7.0,48.97271079945182,,Secundaria,Cartajena
USR-000018,335.2629706554524,7.0,,68.85585052531609,Postgrado,Cucuta
USR-000019,175.0465366540728,10.0,70.39718265646687,25.025040656117447,Primaria,Bogota
USR-000020,159.26927854908863,7.0,212.33674417106965,30.690377058081467,POSTGRADO,Cucuta
USR-000021,112.54456976958555,9.0,15.822767436194503,15.016614210342176,primaria,Cucuta
USR-000022,426.5710480818274,6.0,126.63397253640265,41.03088752442555,Técnico,Cartajena
USR-000023,162.68720387600285,12.0,55.01512591999422,2.9343974738562455,universidad,Medellin
USR-000024,134.31268133315817,9.0,,57.84329091894797,primaria,Medellín
USR-000025,141.67086493581337,11.0,,8.52703364630047,primaria,Cúcuta
USR-000026,263.12163871818456,7.0,,43.413019097098214,primaria,Bogota
USR-000027,234.11462481443084,7.0,62.09570621379522,29.647085686120562,POSTGRADO,Cúcuta
USR-000028,241.99397474945107,1.0,26.72700039157537,11.424337250705012,Tecnico,Medellín
USR-000029,245.07755270413472,12.0,21.187023913658006,,Técnico,Cali
USR-000030,811.7182690093962,8.0,39.039812069083254,21.624691739253976,Técnico,Cartagena
USR-000031,136.38878062320182,5.0,75.12088497192474,18.782130156686783,POSTGRADO,Bogota
USR-000032,126.65034362752981,10.0,,65.81934564567261,universidad,Cucuta
USR-000033,102.55088251916264,5.0,50.69279536117089,28.108470708647037,Primaria,Cúcuta
USR-000034,278.9926941964888,5.0,12.52573641564691,6.059690696830966,primaria,Bogotá
USR-000035,399.52670335188094,9.0,47.25030711101838,69.14483001331354,Secundaria,Bucaramanga
USR-000036,167.37499592111337,8.0,170.732559985756,15.753536354947126,Primaria,Cúcuta
USR-000037,100.6742911889539,6.0,122.50918824481639,3.8290211715231646,Secundaria,Bucaramanga
USR-000038,,7.0,61.52911931168612,3.717299515287099,Técnico,Cartajena
USR-000039,285.83506580451694,0.0,83.7271921051897,9.815640061818634,Primaria,Cartajena
USR-000040,304.9896738614802,6.0,32.234655015998264,0.13924631962455333,Tecnico,Cali
USR-000041,265.12674318372615,10.0,,17.121852971362586,Postgrado,Medellín
USR-000042,113.76594284600014,9.0,420.42664863774587,0.22029908204833404,primaria,Medellín
USR-000043,213.26018075001215,5.0,80.0208418134575,9.631864382639916,Tecnico,Medellin
USR-000044,196.70006707539912,14.0,673.5411071638567,13.21368387539674,Tecnico,Medellin
USR-000045,211.25839766558545,7.0,36.34342767990163,12.674136202257124,Tecnico,Cucuta
USR-000046,333.6191739037975,11.0,22.338505916007684,48.70743411804939,Secundaria,Cartagena
USR-000047,211.98528971807926,10.0,35.9960152983751,-0.7811974129554617,Universitario,Cali
USR-000048,291.5581566574709,7.0,56.71863758808099,25.36652967887729,POSTGRADO,Cúcuta
USR-000049,190.05345004829863,9.0,551.0703244623764,1.4655769618291874,Primaria,Cúcuta
USR-000050,221.934785361368,8.0,50.61953738115607,41.98434256190977,Tecnico,Pereira
USR-000051,281.9985017799599,8.0,32.279327451562644,3.753132281892978,Tecnico,Medellin
USR-000052,65.365260093553,8.0,31.005325126565786,17.413906551868656,Tecnico,Medellín
USR-000053,144.9269972721566,6.0,184.7517202410185,34.15838615353502,Universidad,Bogotá
USR-000054,130.41727816691335,11.0,156.21533230937445,43.24859407142218,Secundaria,Bogota
USR-000055,,7.0,42.233918947019205,39.39957601595425,Universitario,Cartajena
USR-000056,149.51555348994273,7.0,,15.788784102862008,universidad,Cucuta
USR-000057,516.1817426280488,7.0,25.238383373454823,54.680107971709276,Universitario,Cartajena
USR-000058,98.8811099644228,8.0,,42.07038289769912,Técnico,Pereira
USR-000059,357.02108733985074,7.0,122.67612348050078,69.07412232774199,Secundaria,Cartajena
USR-000060,55.81212612627546,7.0,67.59645329354944,24.525125287118755,POSTGRADO,Bucaramanga
USR-000061,,3.0,359.13795709204294,29.808099503420916,primaria,Medellin
USR-000062,203.14644960686886,9.0,383.77439020601963,10.49901903661791,Tecnico,Medellin
USR-000063,,8.0,62.129596036679736,8.161937218165288,POSTGRADO,Cucuta
USR-000064,298.2280928141645,0.0,63.05283077946043,0.692681722168023,Postgrado,Cartajena
USR-000065,4769617.00323409,13.0,38.12405554066776,-14.301904967324749,Técnico,Barranquilla
USR-000066,142.0092859427354,11.0,50.098848927252185,18.20642144869587,Tecnico,Pereira
USR-000067,131.15157890099897,15.0,17.94603989530575,5.0548861774993945,Universitario,Cucuta
USR-000068,330.49221932451036,8.0,17.231723617594437,,universidad,Medellin
USR-000069,158.55269086977842,12.0,14.059254511215748,16.18008717290361,POSTGRADO,Cartajena
USR-000070,74.21895484362001,9.0,178.697308478147,22.71543794266755,Técnico,Cali
USR-000071,81.99833565742216,9.0,17.11104438836884,122.12957397901755,Universidad,Cali
USR-000072,95.23841695103987,10.0,,35.844905864478946,Primaria,Cucuta
USR-000073,256.7268093408358,6.0,35.062283851608576,1.1352362885216172,Universidad,Cúcuta
USR-000074,200.27632044711177,9.0,326.2635872496694,15.826445434823913,Postgrado,Bogotá
USR-000075,293.9294427374721,4.0,49.06487273578506,1.2370810093654923,Postgrado,Cartagena
USR-000076,134.41380620656167,8.0,16.597932201803353,7.59692710912024,Secundaria,Cartajena
USR-000077,202.54817991514548,6.0,211.67279353694488,9.771069289332528,Tecnico,Cartagena
USR-000078,280.8759957799377,12.0,237.06669837779685,26.19440206983105,Postgrado,Medellin
USR-000079,145.97821849610986,10.0,29.39121478281165,41.78145341368187,Postgrado,Cartajena
USR-000080,249.5708059442616,7.0,48.957533142735784,14.581635196777336,Tecnico,Pereira
USR-000081,114.05169850488964,9.0,28.835107131639763,12.700163222329785,Postgrado,Bogota
USR-000082,140.59203214649986,12.0,58.96484720061602,20.180986212700958,Tecnico,Cartajena
USR-000083,138.76522470370327,5.0,72.95724116001232,,Técnico,Bucaramanga
USR-000084,78.48537079230991,5.0,48.99223653928077,9.547165579610278,Tecnico,Cali
USR-000085,254.90240248660382,10.0,12.974491710939287,259.8045680508211,POSTGRADO,Cali
USR-000086,,11.0,37.9858717808679,7.494023169137188,Universitario,Medellín
USR-000087,182.8645807686,7.0,123.59805738796653,1.482577845412942,Tecnico,Medellín
USR-000088,253.79393576353678,13.0,54.572630257490715,10.20243462907289,Universitario,Cali
USR-000089,247.7875741391788,7.0,50.69284864345698,8.63568318506688,universidad,Cucuta
USR-000090,288.8101570615533,4.0,28.373315754540272,6.454371440938863,Universitario,Medellín
USR-000091,169.19639839151327,4.0,,0.8932856524245203,POSTGRADO,Medellín
USR-000092,134.78638360840588,5.0,227.1472230968469,,universidad,Pereira
USR-000093,171.43381133346452,3.0,23.900521185362642,5.900911607408936,universidad,Pereira
USR-000094,55.637970800252525,9.0,123.60547561738365,24.70367337739705,Primaria,Medellín
USR-000095,65.82641946043502,10.0,69.53371864630112,9.62663247783229,POSTGRADO,Barranquilla
USR-000096,71.81621393282377,7.0,83.74050048947471,60.00726781983664,Universitario,Cali
USR-000097,90.1907814547619,5.0,35.99248207979504,2.5999191801915704,Secundaria,Medellin
USR-000098,239.80880468553127,12.0,49.34510533258164,53.904446157138594,Técnico,Bogota
USR-000099,96.17453957383026,5.0,,1.4432082363285703,Técnico,Bogotá
USR-000100,139.11295265512805,10.0,,-48.165931141820295,Universidad,Cartajena
USR-000101,,3.0,92.500333365691,34.7857206038982,Tecnico,Bogotá
USR-000102,141.26184434161974,9.0,98.24457657474615,17.44615909795271,Postgrado,Cartajena
USR-000103,303.76698109357636,12.0,491.30005586144625,28.019425805031542,Postgrado,Bogota
USR-000104,94.29872076822834,4.0,,3.011939303382211,Universitario,Bogota
USR-000105,156.99182116370665,10.0,11.442936123050261,21.73004593275928,Universidad,Bogotá
USR-000106,93.22207609012764,8.0,185.0349444340923,46.274822079040604,Tecnico,Cali
USR-000107,142.97600898788994,7.0,57.7626656831248,101.15099440070327,Universitario,Medellin
USR-000108,326.43005405326954,9.0,427.8228905557754,-1.8410424635651896,Técnico,Medellin
USR-000109,54.10224616571672,7.0,259.69041708590976,26.952421748989646,universidad,Medellin
USR-000110,245.69638110028694,5.0,41.56108573804578,7.354939917301994,Postgrado,Pereira
USR-000111,214.09394663008945,12.0,,8.833840975608986,Universidad,Barranquilla
USR-000112,119.59308606353825,9.0,37.987989640916425,,POSTGRADO,Cucuta
USR-000113,65.87503261251743,8.0,66.07607826873395,19.036774401534,Universidad,Medellín
USR-000114,190.65979376972473,11.0,124.94970386076494,71.99679840087238,Secundaria,Barranquilla
USR-000115,125.13023859540549,12.0,190.09504380679735,3.857951139875158,Postgrado,Bogotá
USR-000116,213.33705822189148,5.0,148.35180504817097,27.625494800868175,primaria,Medellin
USR-000117,184.06638891735648,12.0,71.31268516325852,0.730756880679194,Secundaria,Bogotá
USR-000118,556.2652361432425,6.0,605.8905588304505,19.552416295626372,Universitario,Bogotá
USR-000119,153.30832056660478,6.0,47.54881059338004,3.4641205945423534,Técnico,Medellín
USR-000120,88.54861782815694,8.0,15.011818181317448,19.875856099743338,Primaria,Bogota
USR-000121,205.50964034067366,9.0,19.336630922125302,27.390943567389108,primaria,Medellin
USR-000122,1089075.2825184,2.0,239.31170891248505,14.254956172708381,Secundaria,Cúcuta
USR-000123,469.38874357156845,5.0,63.383175573803626,11.106815070706366,Universitario,Bogota
USR-000124,325.2447162745716,9.0,,16.635541457409992,Primaria,Cartajena
USR-000125,232.71388587842347,8.0,40.82671281064455,11.219698075094431,Postgrado,Cali
USR-000126,504.87558059149643,5.0,43.400957222974824,40.2000321190274,Primaria,Cali
USR-000127,78.87512155535212,4.0,32.510741013276125,28.226389786436062,Universidad,Pereira
USR-000128,115.83582965410126,4.0,102.38115001605247,18.067307378144026,POSTGRADO,Barranquilla
USR-000129,94.76468710902823,11.0,,20.46193782651628,universidad,Medellin
USR-000130,137.9833654661033,3.0,102.9858641398742,12.14255709825521,primaria,Medellín
USR-000131,69.15287936912338,6.0,88.9942943550024,3.6783184287992263,Secundaria,Medellín
USR-000132,282.7620306389938,0.0,45.84009246060105,5.646491080458409,Universidad,Cucuta
USR-000133,155.15802474184585,10.0,18.662734493629994,15.691424795034697,Universidad,Cartajena
USR-000134,64.74364790073184,4.0,16.241673945807463,2.108612499758777,primaria,Medellin
USR-000135,89.0407956816841,9.0,1053.4659453928957,56.705071216954934,Técnico,Barranquilla
USR-000136,225.75711144425588,8.0,263.77479765290116,33.93597752865318,POSTGRADO,Cartagena
USR-000137,325.9319435727394,5.0,230.51675591053927,,universidad,Bogotá
USR-000138,733.4149384445246,6.0,36.59148761226154,30.108985242363552,Universidad,Bucaramanga
USR-000139,1393.6809985347636,11.0,68.75347156385774,2.168310770148727,Secundaria,Cucuta
USR-000140,242.27818803837533,4.0,31.953390014582048,14.245148776207003,primaria,Cartagena
USR-000141,90.67877495215812,9.0,20.67250808588733,,Postgrado,Cúcuta
USR-000142,40.75455462941599,9.0,41.11857618978038,22.821383992591613,universidad,Bogota
USR-000143,218.63376491794997,2.0,214.51154962733327,27.195189916778837,primaria,Pereira
USR-000144,102.61059918347142,7.0,146.2775420698347,,universidad,Cartajena
USR-000145,135.53771185556806,4.0,27.870810411230934,1.7821115927403046,Tecnico,Pereira
USR-000146,118.10006111142985,11.0,48.609515307583365,5.366537514375344,primaria,Bucaramanga
USR-000147,164.259316876355,9.0,132.74929588224563,6.353291858573227,Universitario,Cartajena
USR-000148,382.2925531930955,7.0,41.05649414957557,17.483285121060224,Universidad,Medellin
USR-000149,202.33687314961557,4.0,72.13069438021974,89.37922954336969,POSTGRADO,Cúcuta
USR-000150,162.22035289875518,11.0,98.97320621236882,10.956585972456216,Postgrado,Cartagena
USR-000151,87.79832061110098,5.0,93.53480278615437,71.89108490759395,universidad,Cali
USR-000152,56.1328913168919,6.0,87.29337720022403,0.4924257494304548,POSTGRADO,Cúcuta
USR-000153,128.97059899899241,12.0,37.57713053892986,29.71909872655118,Universidad,Bucaramanga
USR-000154,174.5746099466538,6.0,41.84567126335115,44.924917196539674,Secundaria,Medellín
USR-000155,624.8745686940422,10.0,23.49416282634659,6.324446874481242,Técnico,Cartagena
USR-000156,198.58002450985168,6.0,16.27117819707848,6.955727724685632,Técnico,Cucuta
USR-000157,360.6534978770857,10.0,62.60662914861086,40.757097398129616,Primaria,Medellin
USR-000158,127.80339173932323,8.0,132.77865386474352,13.187879964545438,primaria,Cali
USR-000159,79.08627644952671,6.0,19.069641529834072,15.842586048037276,Técnico,Bogotá
USR-000160,92.24224980499248,6.0,87.6474119758241,23.189131144810467,Primaria,Medellin
USR-000161,109.10838596494375,7.0,138.41509118990894,13.183847600454849,Secundaria,Cartajena
USR-000162,804.2649966561893,6.0,13.216919878191176,-24.674197415318474,Técnico,Pereira
USR-000163,102.00576431125592,14.0,53.52420583499385,5.374031065016289,Universidad,Cartagena
USR-000164,326.01469029806645,8.0,306.53371945785454,,POSTGRADO,Medellin
USR-000165,96.34649104302105,10.0,109.57101264534292,56.99924506176684,Universitario,Cucuta
USR-000166,347.964724762618,17.0,12.540218305841801,12.737493230694696,Universitario,Medellín
USR-000167,237.33334603784365,6.0,124.79660505453904,3.3333438137730758,universidad,Medellín
USR-000168,162.44727241010958,3.0,34.70921723844411,11.584937562922079,Tecnico,Cartagena
USR-000169,,7.0,119.2913071717451,7.749029502641426,Universidad,Cucuta
USR-000170,114.62301501282565,11.0,35.358429189826396,3.9033094234166015,Primaria,Medellín
USR-000171,247.70797719353897,13.0,63.912572782994864,19.88208627435039,primaria,Bogotá
USR-000172,131.82978247956885,9.0,42.15546209759055,11.929174837687635,Primaria,Cúcuta
USR-000173,76.86694693811614,11.0,67.16748284324753,22.134701208750002,Técnico,Cartajena
USR-000174,74.10208710585232,6.0,41.13357020625233,12.795174013515869,Universitario,Cúcuta
USR-000175,204.54981550213535,10.0,,90.9718303527001,primaria,Cali
USR-000176,547.5007762442152,6.0,22.60538380769989,,universidad,Bogota
USR-000177,202.75414354390782,11.0,104.9135393702899,38.85147153055393,primaria,Medellin
USR-000178,166.82630339770816,10.0,78.52770397266552,12.387932712560918,primaria,Barranquilla
USR-000179,221.4237525008508,7.0,15.142026493373338,1.8913587739437259,Universidad,Barranquilla
USR-000180,452.2346666872265,7.0,162.81462610846893,30.902213559109526,Técnico,Bucaramanga
USR-000181,211.36103781833734,0.0,57.17895484678886,13.390282656000817,Técnico,Medellín
USR-000182,135.95866944599896,8.0,79.58511090436724,33.033782683119256,Universitario,Medellin
USR-000183,393.2329156655815,7.0,,22.002386754654815,POSTGRADO,Medellín
USR-000184,,7.0,85.85038969426498,45.48460275209852,Primaria,Cartagena
USR-000185,3405491.0512453914,0.0,190.0736504107156,13.841569225169087,primaria,Cucuta
USR-000186,206.079930579768,6.0,52.94589899921636,71.6011114476556,Postgrado,Bucaramanga
USR-000187,76.92813526438779,4.0,170.38945455994366,-12.597786475374404,primaria,Medellín
USR-000188,69.56687780968073,7.0,73.13833306623663,0.7759506029501788,Técnico,Barranquilla
USR-000189,,23.0,109.73904204023994,127.40511042810489,Primaria,Cúcuta
USR-000190,605.809757066216,9.0,92.5940182811493,12.909567418478584,Técnico,Bogotá
USR-000191,159.86609374023985,6.0,200.1752932546999,,Secundaria,Cúcuta
USR-000192,138.62450504507288,8.0,126.84485960652215,5.86879899965653,Primaria,Bogota
USR-000193,504.21915482892905,0.0,45.8267555541056,10.990864186545897,Universidad,Bogotá
USR-000194,83.51848817099365,14.0,38.70168025288406,17.272614482349557,universidad,Bogota
USR-000195,96.9011209296174,10.0,60.95118586510009,10.565673926531918,POSTGRADO,Bucaramanga
USR-000196,284.3849437942166,6.0,34.6290866960726,18.760937443721392,universidad,Cúcuta
USR-000197,137.5209699214867,3.0,26.439000542047832,11.792688308933595,Secundaria,Cucuta
USR-000198,,4.0,10.210934512005753,20.65671675874887,Universidad,Cúcuta
USR-000199,161.67529484699625,8.0,17.200299999040418,2.4820611544714475,Universidad,Cucuta
USR-000200,229.59162427907344,9.0,409.21478244164285,4.756132386003304,Técnico,Barranquilla
USR-000201,485.5281671909366,10.0,35.79041159072444,8.257715581110919,POSTGRADO,Cucuta
USR-000202,193.13886439662232,12.0,362.9721180609432,10.375572575981172,universidad,Bogotá
USR-000203,284.5068001227166,8.0,100.03759337408528,10.167711257470227,Postgrado,Cartagena
USR-000204,43.158506210272215,0.0,64.39186038742842,21.10524208065828,Postgrado,Cucuta
USR-000205,175.19455839819707,5.0,17.34534161765754,115.09913294153799,Universidad,Pereira
USR-000206,100.45790768843571,4.0,69.75102406717991,10.180579850495029,Postgrado,Cali
USR-000207,77.23331131668039,11.0,379.82176930234357,64.57884376792931,universidad,Medellín
USR-000208,98.03193992273219,8.0,,40.06609307653616,POSTGRADO,Cúcuta
USR-000209,,13.0,88.61733859072531,45.85899028335946,Postgrado,Bogotá
USR-000210,344.16864338744335,10.0,22.80127788944573,11.4778942258694,Secundaria,Cucuta
USR-000211,71.63079631198065,8.0,28.903986532168993,24.125665156328367,POSTGRADO,Cúcuta
USR-000212,185.20105982929584,6.0,32.400691900885555,32.70613371158572,Universidad,Cúcuta
USR-000213,129.16380391829645,6.0,201.17764993140966,4.649699204116695,Primaria,Medellin
USR-000214,144.11748484932508,10.0,281.5928427407975,50.99579167453918,primaria,Bogota
USR-000215,365.7428452000828,6.0,81.8817873025754,10.029178239789022,Universitario,Cartajena
USR-000216,264.1932402162761,7.0,50.86781054509449,6.256409144630414,Técnico,Cali
USR-000217,462.28365530987855,3.0,,403.26292956791553,Técnico,Cali
USR-000218,,7.0,26.99917095755626,38.165715076148416,Técnico,Medellín
USR-000219,111.36801545166979,0.0,68.64102170167145,,Tecnico,Cali
USR-000220,154.98042648196605,3.0,99.34649044951034,0.02167768498092866,POSTGRADO,Cucuta
USR-000221,214.80867621682583,8.0,31.83451275073944,-18.32916765325053,Tecnico,Bucaramanga
USR-000222,205.12126706816073,5.0,38.234986313367905,5.055298590069769,Técnico,Cali
USR-000223,84.85367898538695,7.0,35.90426973651988,4.778862581622066,Tecnico,Bogota
USR-000224,193.1260041536344,12.0,227.05409366459037,50.72376946294898,Universidad,Bogotá
USR-000225,212.67386266718057,10.0,370.7972248504527,8.138738315211016,Tecnico,Medellín
USR-000226,1055.9877103514734,12.0,72.59727233529885,22.05645505410165,POSTGRADO,Bogotá
USR-000227,674.3782989728608,10.0,54.227638303827035,9.79622120944054,Universitario,Cúcuta
USR-000228,99.75624442962058,5.0,40.63095242666757,8.999534827900783,POSTGRADO,Cartajena
USR-000229,148.23986138654402,8.0,66.27920731877525,16.98715210470723,Secundaria,Cucuta
USR-000230,65.07826345208986,6.0,42.56454523158689,5.522106160256573,universidad,Medellin
USR-000231,119.88166008301259,10.0,58.1420899592514,70.83380704432052,Primaria,Cucuta
USR-000232,,12.0,95.04284829380677,9.91377675376353,universidad,Medellín
USR-000233,,15.0,47.576565607712794,49.69500578203689,Universidad,Medellín
USR-000234,108.81414265145543,0.0,55.438922747275406,10.428784189812298,POSTGRADO,Bucaramanga
USR-000235,114.67447839842907,5.0,,16.828532846488784,Postgrado,Bucaramanga
USR-000236,40.32201828504012,8.0,48.69787958938018,0.7680926970437459,Universitario,Cartajena
USR-000237,161.76325146471189,7.0,46.147136821529536,27.64704235704466,Universidad,Cartajena
USR-000238,,5.0,128.4697168083342,53.79975166757761,Primaria,Cúcuta
USR-000239,,16.0,13.138933689375893,47.743505986493034,Universitario,Cucuta
USR-000240,98.12061186767004,4.0,273.5302009840681,23.172791420545668,Técnico,Medellín
USR-000241,169.69729157279377,7.0,78.68945297147297,3.731441784976724,Universitario,Bogotá
USR-000242,52.962818310754955,7.0,116.45733800002851,23.311689375234938,Postgrado,Medellín
USR-000243,64.91432530387695,7.0,129.79845969064013,9.541633481259367,POSTGRADO,Cali
USR-000244,804.7027691929005,5.0,33.53123622399578,454.2509557428615,Universidad,Medellín
USR-000245,73.6117156510284,7.0,27.98659967890674,53.87198942359221,Postgrado,Cartagena
USR-000246,84.12048320746675,5.0,,26.78693785472464,Universitario,Bogota
USR-000247,655.7892485188784,11.0,55.09741314083591,14.844110065856478,Universitario,Cartagena
USR-000248,1385.1268715985018,7.0,121.82882722962277,88.46055972977487,Secundaria,Cúcuta
USR-000249,79.83031821615057,9.0,38.7584896948341,5.177257084316633,Universitario,Bogota
USR-000250,140.08168689144816,10.0,116.52125997694567,14.451049927234513,Postgrado,Medellin
USR-000251,230.2323199017386,5.0,7.982337506358358,3.9297045781254907,POSTGRADO,Cartagena
USR-000252,607.9473914997535,7.0,46.71205193415306,43.336636443634305,universidad,Bogotá
USR-000253,,6.0,181.19664669023285,2.946401380761401,Universitario,Cartajena
USR-000254,152.67408833927686,7.0,56.887370393378816,55.940510837947414,Universidad,Cucuta
USR-000255,312.35373238729227,8.0,32.3747283274767,,Técnico,Cali
USR-000256,,10.0,35.945655504383126,,Universitario,Bogotá
USR-000257,139.30847935896065,6.0,4.461126879894519,5.191713967662228,Primaria,Cartagena
USR-000258,165.06245622236403,4.0,25.525518957644785,27.881058448928968,primaria,Bucaramanga
USR-000259,69.23959867456028,10.0,179.73932976607375,5.445670339787705,POSTGRADO,Medellin
USR-000260,153.43520784942956,5.0,41.25111518206192,10.545225939546128,POSTGRADO,Bucaramanga
USR-000261,150.43464795023615,11.0,41.71562879221086,479.0748145437617,Universitario,Bucaramanga
USR-000262,213.26145958807112,6.0,8.142863923746559,40.2393890622166,Postgrado,Medellin
USR-000263,122.88770204363951,5.0,15.234930220328117,21.940457179815283,Tecnico,Cartajena
USR-000264,252.16331822353519,9.0,201.2727921849352,41.230277797704396,Primaria,Bogotá
USR-000265,368.30119661706357,8.0,116.70257018656902,2.2314440406067018,Universitario,Cartagena
USR-000266,202.10766073727174,8.0,20.97601965285652,9.362393750860576,Secundaria,Bucaramanga
USR-000267,231.8822004143465,5.0,36.68191878751286,2.032376702168812,Universitario,Pereira
USR-000268,188.14421001086154,4.0,62.21094452444221,13.04300761940723,Universidad,Medellín
USR-000269,181.28295087888176,7.0,23.16252178996654,8.280863815905697,Universitario,Cartajena
USR-000270,109.38889499027819,3.0,11.114670152613657,0.23104965073416786,universidad,Bogotá
USR-000271,226.22859789610635,9.0,59.70425256519342,5.658385214030314,POSTGRADO,Medellin
USR-000272,169.3384510365652,8.0,115.4959337969125,6.357813087183853,Universitario,Bucaramanga
USR-000273,784.6343524826548,8.0,,22.156453587129135,POSTGRADO,Cartajena
USR-000274,545.3067234817462,7.0,147.16323988541097,0.6905649184285885,Secundaria,Cali
USR-000275,237.4821794558836,8.0,17.156296003913162,105.52095724775057,Universidad,Pereira
USR-000276,106.25692192518414,11.0,72.37010105124156,,Postgrado,Cucuta
USR-000277,83.20537670619014,9.0,54.37601476165414,31.517908819658206,Primaria,Bogotá
USR-000278,4055376.2691534325,6.0,64.70868088432024,6.888828987358547,Primaria,Bogotá
USR-000279,217.87564355202306,8.0,54.58178675392052,13.972045946308349,Primaria,Cartajena
USR-000280,253.68678657467643,6.0,37.60203416436542,67.56425272868486,Universitario,Bucaramanga
USR-000281,53.45230757434328,13.0,4.493449689140659,18.981860756419824,Postgrado,Bogota
USR-000282,346.95911093821115,5.0,183.5556060927551,86.93933595469072,Universitario,Cartagena
USR-000283,249.15974495101196,7.0,90.97216870864342,2.9803150902260027,Tecnico,Cucuta
USR-000284,83.32082524845117,3.0,17.407865397410145,225.22737521136332,Primaria,Bucaramanga
USR-000285,130.31213809557397,8.0,101.58235230108343,15.274077303295588,Tecnico,Cartajena
USR-000286,218.02332294430863,7.0,43.16011207163686,2.3127413235051075,Técnico,Pereira
USR-000287,2139230.354599558,7.0,46.857175760818585,61.41257136229457,Postgrado,Pereira
USR-000288,,13.0,34.05672789674511,6.056426847911541,POSTGRADO,Bucaramanga
USR-000289,168.60491759184663,7.0,108.46865499824816,16.31683728969788,Universidad,Cúcuta
USR-000290,,12.0,31.350419712303534,2.6505237677731355,POSTGRADO,Pereira
USR-000291,201.70248365057324,7.0,24.991084819971984,13.880665646266024,primaria,Bogotá
USR-000292,507.7780187403158,9.0,177.28564282532912,2.5665214550620203,Primaria,Bogota
USR-000293,30.064320143529354,6.0,55.858043160445526,8.86100083407619,Tecnico,Cartagena
USR-000294,153.5774215579366,3.0,57.65147724603958,11.144491893275676,Primaria,Cúcuta
USR-000295,205.11251761084606,194.0,129.13307190723168,41.51633283262602,universidad,Bucaramanga
USR-000296,223.0053568188884,8.0,36.25917040560247,9.20742891101916,Postgrado,Cúcuta
USR-000297,139.7227068408469,9.0,44.18834055063131,8.886805340923376,Secundaria,Medellín
USR-000298,53.000150451995694,5.0,91.09805130163117,16.62527130025978,primaria,Bucaramanga
USR-000299,228.05728299387846,4.0,16.532173744690304,3.1029804259000664,Universidad,Bogotá
USR-000300,607.3742451480547,11.0,84.49071587629737,14.003338268691333,Primaria,Bogota
USR-000301,61.94810488454345,12.0,32.55166603483554,13.725483417533958,primaria,Cúcuta
USR-000302,331.84885511841225,4.0,142.06965715146032,26.698836081486007,Primaria,Pereira
USR-000303,144.0315458251077,10.0,104.6504348188819,2.7057320721151443,primaria,Cartagena
USR-000304,173.65541427082115,7.0,97.43329569619324,6.442967386977254,Técnico,Bogota
USR-000305,86.74484925718075,9.0,16.419188919544837,41.06285206646481,Tecnico,Bogotá
USR-000306,143.43481474547102,0.0,61.71440871645085,12.825730921654042,POSTGRADO,Pereira
USR-000307,450.35277329064354,5.0,23.40591676941712,13.7966575913447,POSTGRADO,Medellin
USR-000308,272.5599716643051,10.0,63.07904243016412,12.740103855347186,POSTGRADO,Cartajena
USR-000309,609.4873072127696,10.0,8.657756065772743,4.362196735242343,Secundaria,Medellin
USR-000310,,2.0,16.616569794326697,41.91001545036302,primaria,Medellín
USR-000311,246.49967505601603,10.0,189.9108443234264,45.55035117620859,Técnico,Cúcuta
USR-000312,614.4663504781778,5.0,97.49156929339325,14.39361382275079,Primaria,Cúcuta
USR-000313,246.48353869646544,8.0,48.127244413175625,14.50846036799389,Universidad,Barranquilla
USR-000314,,9.0,29.05520470945985,26.622365731235902,Postgrado,Cartagena
USR-000315,147.28954340527994,6.0,23.963972533424087,65.87639096656584,Técnico,Barranquilla
USR-000316,189.91603835571675,11.0,,153.14580791039236,Secundaria,Cartajena
USR-000317,111.2526035745497,6.0,50.460037695909435,,Postgrado,Cucuta
USR-000318,,6.0,267.8026895723035,,Secundaria,Cúcuta
USR-000319,79.45473304396359,8.0,59.03886227428121,10.419566343528308,Primaria,Medellin
USR-000320,,5.0,67.37988127609059,24.301429836679482,Postgrado,Medellín
USR-000321,158.62521156018116,8.0,19.334180185988835,-33.39689070448074,Primaria,Cúcuta
USR-000322,411.5263143363948,10.0,49.26089877204592,376.9781421575666,POSTGRADO,Cartajena
USR-000323,306.6197228860373,10.0,,2.494655207694167,Tecnico,Cali
USR-000324,648.3640280843817,10.0,47.82153980095528,9.232416989383855,POSTGRADO,Bucaramanga
USR-000325,302.3369983460383,8.0,43.41190263440007,38.21087229756805,Secundaria,Barranquilla
USR-000326,60.31445668645816,11.0,91.19464837637493,31.941104909667168,Postgrado,Cali
USR-000327,172.97252709553175,10.0,270.16234646408026,252.773370548155,Tecnico,Cartagena
USR-000328,79.80570276984332,7.0,74.73671741916029,-25.11036523862959,primaria,Medellín
USR-000329,126.11625122280546,13.0,185.9959505511455,26.038616222362638,Universidad,Cúcuta
USR-000330,522.1003982983374,7.0,,60.63248298164881,Tecnico,Bucaramanga
USR-000331,283.23407265458656,3.0,173.67137883938128,100.68075712615197,Universidad,Pereira
USR-000332,111.13533579025855,4.0,37.28544859315575,0.1388008239267497,POSTGRADO,Barranquilla
USR-000333,89.15690931985608,10.0,57.93537664691789,30.4006600901112,Secundaria,Medellin
USR-000334,185.48007521032324,6.0,53.86608276482866,24.116984395672137,Universitario,Barranquilla
USR-000335,77.35520725460351,9.0,106.11879459697829,0.22392582079835194,Primaria,Bogota
USR-000336,113.31842835996271,8.0,137.68524826276868,6.589985344398116,POSTGRADO,Cúcuta
USR-000337,225.51950008586275,7.0,71.47647156771339,20.6716641694258,Universidad,Barranquilla
USR-000338,406.96143443893004,11.0,139.95489354301046,46.26740170991279,Primaria,Bogota
USR-000339,277.58662053666455,2.0,38.41407964122319,77.97625104864755,Tecnico,Cartagena
USR-000340,36.45568247034279,8.0,142.371262179911,7.953340198988352,POSTGRADO,Cúcuta
USR-000341,224.31621047647167,8.0,165.19440621228762,15.36380150335232,POSTGRADO,Medellín
USR-000342,190.64699060572943,8.0,126.74058063428332,29.803694516428386,Postgrado,Cali
USR-000343,,7.0,74.0561655154607,16.219124193811922,Primaria,Bucaramanga
USR-000344,561.9128558783441,9.0,125.8030708568731,29.722254961332816,Técnico,Cúcuta
USR-000345,42.765564296619296,7.0,30.125475397203143,37.31713977225431,Primaria,Cucuta
USR-000346,119.84839899277065,0.0,78.14312847438165,46.4228906766407,Primaria,Barranquilla
USR-000347,,5.0,86.80726865859148,29.8135859601312,Secundaria,Barranquilla
USR-000348,59.912425462694856,10.0,19.92553256227724,27.733460679424123,primaria,Barranquilla
USR-000349,509.364736014973,7.0,100.60358007229406,9.77464019797574,Universitario,Barranquilla
USR-000350,234.5924208230689,9.0,,6.781879697078256,primaria,Bogota
USR-000351,327.86724647198776,7.0,43.15290931512961,56.74489069376371,Técnico,Bogotá
USR-000352,121.55166964324813,9.0,71.78557951621299,26.386020682879547,universidad,Cucuta
USR-000353,320.42062410115534,3.0,36.19668859945616,26.706510209606094,Técnico,Cartagena
USR-000354,382.9598254116675,9.0,74.43354357149951,2.4148351231454797,Postgrado,Cartagena
USR-000355,213.36719765506422,0.0,67.30350155183548,30.725150046517378,Tecnico,Cartajena
USR-000356,213.59477066674404,3.0,32.675172156036,0.039125912613943326,Secundaria,Cali
USR-000357,219.03691286259172,4.0,111.99569594806901,9.248684874115348,Tecnico,Bucaramanga
USR-000358,99.05332234504432,7.0,32.163433067837005,10.503401991469236,Técnico,Barranquilla
USR-000359,163.48641919040477,9.0,,35.20626716271802,universidad,Cartagena
USR-000360,162.91591800958952,3.0,62.09814856793978,9.48632483125435,Técnico,Cartagena
USR-000361,237.07480044875928,7.0,22.414779526447894,23.161750244131536,Secundaria,Bogota
USR-000362,364.99256110377627,4.0,28.773420778460228,,Postgrado,Medellín
USR-000363,86.40320263131626,4.0,180.3186824260824,96.72463238761976,Universidad,Medellín
USR-000364,166.08399905504615,2.0,45.9347174399901,55.48847773354088,primaria,Medellin
USR-000365,511.3318965409385,0.0,,27.900896721871483,Técnico,Bogota
USR-000366,107.71493425087186,7.0,138.75836874472898,5.969979506038502,POSTGRADO,Medellín
USR-000367,101.94413711342636,5.0,48.02409359348716,,universidad,Pereira
USR-000368,208.84959135167716,10.0,120.93629919643175,,Tecnico,Cali
USR-000369,327.3629955464162,13.0,151.0532146793567,1.6728685632963312,Universitario,Cucuta
USR-000370,182.7279142176531,8.0,87.7315895691986,33.791669237368346,Universitario,Cali
USR-000371,459.5613342520108,12.0,597.738989057999,8.976294016992693,Secundaria,Cucuta
USR-000372,330.21890657499586,5.0,14.711709256416656,18.79144486494665,primaria,Cucuta
USR-000373,326.7757143804139,0.0,,30.79382489845771,Tecnico,Bucaramanga
USR-000374,267.1690357897081,6.0,55.11391799373083,367.4696252253337,Primaria,Medellin
USR-000375,924.5962634105992,5.0,517.4194128104635,24.16522746018382,Postgrado,Bogota
USR-000376,157.02214051494482,11.0,331.06789842754625,66.25248889620816,Secundaria,Medellin
USR-000377,44.591104816284634,6.0,221.73831101062567,0.9719816434197268,Universitario,Cúcuta
USR-000378,557.2299843830568,15.0,31.399975281150205,8.054951124268563,POSTGRADO,Cartajena
USR-000379,131.57939034816292,10.0,35.04229739025414,41.17954248393067,Primaria,Cúcuta
USR-000380,195.4913848205043,10.0,31.42666484342539,22.048280689916268,Tecnico,Pereira
USR-000381,453.35953192463165,7.0,32.23474345310302,12.075527354460988,Universidad,Medellín
USR-000382,59.05199466092649,7.0,258.5117040769926,10.983724655643245,POSTGRADO,Barranquilla
USR-000383,75.47843226840287,7.0,55.720045889142035,34.051108983976306,Primaria,Barranquilla
USR-000384,59.092584573895735,8.0,60.26517344239069,6.123890265775234,Secundaria,Bogota
USR-000385,103.97022883742385,6.0,134.60178912317312,56.86762850818736,Universitario,Cartajena
USR-000386,246.5945831160705,13.0,14.80712526713608,12.274807148660827,Universitario,Bogotá
USR-000387,261.6300518189493,11.0,71.37342960800467,1.9962317665794385,Primaria,Bucaramanga
USR-000388,219.94816952548715,5.0,23.85670225889818,28.5835082799616,Secundaria,Bogota
USR-000389,67.4282373036404,5.0,48.853936866855264,2.632788592117235,Universidad,Bogota
USR-000390,35.97871790557807,0.0,39.89521019076414,399.7457034975052,Primaria,Medellín
USR-000391,188.30208526648957,6.0,37.686393516588204,11.968851661141969,Universitario,Bucaramanga
USR-000392,130.2892236352545,5.0,,36.86725095821582,universidad,Bucaramanga
USR-000393,250.02728207336023,10.0,80.02603265406498,23.764326642202995,Universitario,Pereira
USR-000394,296.29854332622267,6.0,52.26394652863868,10.211505503287633,Postgrado,Cucuta
USR-000395,199.69056679806033,6.0,94.7754546155122,21.359170038538746,universidad,Pereira
USR-000396,,7.0,30.27622247566877,31.767462271427654,primaria,Barranquilla
USR-000397,212.8202604635264,6.0,122.47893466425332,4.089252388963858,universidad,Bogotá
USR-000398,262.70856343176956,11.0,57.57054651751566,22.861612962975943,Postgrado,Barranquilla
USR-000399,110.68947030462743,5.0,44.175919256588834,5.841645080108806,universidad,Medellín
USR-000400,159.85577625408004,11.0,31.698212905568816,3.289576162105855,universidad,Medellín
USR-000401,208.04268347429652,9.0,54.50741283287826,42.28783501927063,universidad,Cúcuta
USR-000402,321.94152600375935,6.0,,8.590877267519346,Tecnico,Medellín
USR-000403,,6.0,61.065449994650315,,Universidad,Medellin
USR-000404,261.07744279800886,15.0,24.318215144993296,31.696620410414454,Tecnico,Cali
USR-000405,150.4924392912018,7.0,146.76144625463021,,Primaria,Bogotá
USR-000406,166.95436020338016,7.0,42.65048434187797,13.84445635099116,Postgrado,Cúcuta
USR-000407,323.97402065595384,7.0,89.51599165066857,-26.990776808830994,Postgrado,Cucuta
USR-000408,44.91885951328015,8.0,39.585287190361335,45.57288018485765,Tecnico,Cartagena
USR-000409,73.14687238364866,7.0,220.2460519245422,41.2265953461379,Primaria,Bogotá
USR-000410,64.22998911432134,5.0,40.68211702298784,22.661358343479076,Técnico,Cucuta
USR-000411,35.391395163190275,9.0,230.24691228194274,63.37992694445687,Postgrado,Barranquilla
USR-000412,112.75472584713107,9.0,26.280214721211603,10.954205052154194,Tecnico,Medellin
USR-000413,306.31185893138553,4.0,50.611541669693686,9.612005295751198,Postgrado,Pereira
USR-000414,,12.0,239.73038721158827,12.334576275146695,universidad,Bucaramanga
USR-000415,208.19040244656833,8.0,76.40793138122135,50.63423223897371,Secundaria,Barranquilla
USR-000416,388.5618066761152,6.0,489.3924453565471,48.737774483640464,POSTGRADO,Barranquilla
USR-000417,459.15153288762235,8.0,50.21531027748527,1.9960807660734363,Universitario,Bucaramanga
USR-000418,172.70819662960406,7.0,86.32153167594585,47.482912660428994,Primaria,Medellín
USR-000419,467.5517896993208,9.0,355.0096032313141,5.642165956868347,Universitario,Cali
USR-000420,193.34741741240583,9.0,17.24224149811705,10.410138955075425,Secundaria,Cartagena
USR-000421,100.86885858716225,15.0,15.81846077832011,0.6761919061644639,primaria,Cali
USR-000422,119.57212591722886,8.0,33.37698878493951,6.373467195689223,Universitario,Medellin
USR-000423,64.30416741553039,5.0,137.4611893768931,6.067137505384006,POSTGRADO,Bogota
USR-000424,97.34937409682975,13.0,15.204042810163058,16.883967283592305,Primaria,Medellin
USR-000425,141.08863619154607,9.0,118.95313422369469,11.919648491932383,Técnico,Cali
USR-000426,318.145718966204,13.0,107.84058218292773,1.5102803532593367,universidad,Bucaramanga
USR-000427,604.5829502004722,11.0,404.8222998221548,51.36258976380864,Técnico,Cali
USR-000428,68.88737600445218,7.0,178.4293992565811,43.79893741033517,Universitario,Bogota
USR-000429,238.64550968260792,8.0,89.90315451552684,53.37234418883353,Secundaria,Bucaramanga
USR-000430,87.49828932401138,10.0,225.29960801464475,11.919187023413985,Secundaria,Cali
USR-000431,252.72146715263244,8.0,104.07291319379317,36.50213091157294,primaria,Pereira
USR-000432,165.37892308608588,6.0,,3.909031317387519,universidad,Bogota
USR-000433,50.318153768641636,8.0,23.56264602238416,29.80679774746924,Técnico,Bogotá
USR-000434,347.1676811117223,8.0,40.74529141796024,5.778445651521872,Tecnico,Pereira
USR-000435,118.68815426206379,6.0,63.28774576574376,41.883106982543666,Tecnico,Bogota
USR-000436,124.74477289824621,6.0,79.54308822965481,53.58525765900135,Primaria,Bogotá
USR-000437,85.72747009415346,7.0,10.058183342291736,5.033572749106376,Universidad,Cartajena
USR-000438,114.66349475687728,6.0,56.79555777761848,23.120289818379568,primaria,Medellin
USR-000439,244.57531749351807,9.0,65.30878562035441,27.535398623653073,Postgrado,Barranquilla
USR-000440,158.78148698921268,9.0,112.14457872032635,7.219136824001284,Técnico,Cali
USR-000441,228.16371090924895,9.0,278.1602592211941,16.251474382662632,primaria,Medellin
USR-000442,233.53811513023254,9.0,80.37638637811759,52.484844338886276,POSTGRADO,Barranquilla
USR-000443,456.89936504673557,4.0,29.034262376692862,28.259176912883003,Universidad,Medellin
USR-000444,142.60088218547062,7.0,13.25394095946941,17.58584695004857,Técnico,Medellín
USR-000445,64.46996962725272,5.0,120.21416014838498,27.537552860839504,Universitario,Medellín
USR-000446,382.6251126198739,9.0,30.945151838750636,77.42622464090998,primaria,Bogota
USR-000447,143.73312471967856,7.0,140.0480358314787,1.6173055909741745,universidad,Cartagena
USR-000448,395.5252827486767,8.0,226.80600293908674,4.174747410823979,universidad,Cartagena
USR-000449,237.07202056868778,13.0,16.805629021573864,44.0063752045002,Universitario,Bogotá
USR-000450,165.37303311132416,10.0,107.9907706657988,27.56787112740374,Universitario,Barranquilla
USR-000451,231.39891498479685,9.0,217.79039890083993,1.8343390413237168,universidad,Cúcuta
USR-000452,710.3151835952061,8.0,169.94621476529173,2.628841706215491,Postgrado,Bogotá
USR-000453,775.7934952016501,6.0,10.230244971909263,37.157015118479244,Postgrado,Medellin
USR-000454,190.29334347776947,6.0,31.642637025140118,17.12196200163531,Técnico,Pereira
USR-000455,202.78238628802163,416.0,21.689046468342376,33.45698866653636,Postgrado,Barranquilla
USR-000456,385.04804173355785,2.0,111.21263311792545,55.60544758341605,universidad,Bogotá
USR-000457,100.28712051112144,10.0,92.67885110186286,11.787893137363875,Universitario,Cartagena
USR-000458,228.8688794695345,4.0,5.924087913164285,12.211510646041855,Universitario,Cali
USR-000459,,7.0,52.1343902705413,6.151975150484095,Universidad,Medellín
USR-000460,225.81944138251072,3.0,133.21090955470632,36.31147529146601,Universitario,Bogotá
USR-000461,101.15377015548171,6.0,74.38517412512405,0.4429064484015994,Postgrado,Bucaramanga
USR-000462,59.57897567361318,8.0,74.29627682107825,74.28904607498148,Universidad,Cucuta
USR-000463,42.474827010215336,9.0,48.3619304986372,2.0908130263218183,Secundaria,Cúcuta
USR-000464,82.91625486510586,8.0,25.367779653936534,41.217163413818454,Técnico,Bogotá
USR-000465,131.48953944967076,4.0,66.76124875772989,1.3105190021349196,universidad,Bucaramanga
USR-000466,147.63837762013006,3.0,70.6577467841403,2.7170920267488574,Técnico,Barranquilla
USR-000467,703.4957347952943,6.0,117.83886125798891,10.353923458026074,Primaria,Barranquilla
USR-000468,393.15162783999523,6.0,121.72565705552708,12.626289464091556,Técnico,Bucaramanga
USR-000469,92.43782150648893,0.0,73.97011969177512,16.717395387681453,POSTGRADO,Barranquilla
USR-000470,231.22607618732144,2.0,181.5784875093322,25.112727663718363,Secundaria,Medellín
USR-000471,136.32547628529846,14.0,45.82974738007111,27.99191231669438,Secundaria,Medellín
USR-000472,148.55352237963595,7.0,17.635898272407342,8.945219834787558,Postgrado,Pereira
USR-000473,206.3818212915586,10.0,100.40821982030668,10.35106028593271,Universidad,Cartagena
USR-000474,279.61671261732874,7.0,,3.260222834888226,POSTGRADO,Cartagena
USR-000475,142.95345121387487,7.0,102.48544721758444,23.298734683266225,Técnico,Cartajena
USR-000476,381.72332760707104,6.0,20.344097910890973,4.6374300366734245,Postgrado,Medellín
USR-000477,81.50327811438508,7.0,322.2156771518673,20.430825164923903,Técnico,Barranquilla
USR-000478,182.0783963767222,9.0,120.48673505719168,82.81088570676737,Técnico,Pereira
USR-000479,,8.0,50.95990838439896,4.643940197867971,Universidad,Bogota
USR-000480,211.90876321319104,9.0,29.588168359540795,0.5645635910173983,Técnico,Pereira
USR-000481,494.3531570681818,8.0,174.94459497470032,57.399105342934675,Universitario,Medellin
USR-000482,193.26535185902705,6.0,25.578309021250615,8.363410668730399,Universitario,Medellin
USR-000483,272.20187179340815,0.0,487.3222753262398,13.55019335364727,Secundaria,Bogotá
USR-000484,174.20830945224628,5.0,38.28595993729186,15.880140774236043,Postgrado,Cartajena
USR-000485,,11.0,322.71122697514556,70.70598724849867,Técnico,Medellin
USR-000486,105.0422155583123,11.0,57.47183093144669,43.8923936671936,Tecnico,Barranquilla
USR-000487,244.98842175135437,9.0,286.3876825071224,0.5301540059650344,Secundaria,Cartagena
USR-000488,99.87545577895693,9.0,33.64088490149394,37.81599650000808,Postgrado,Cartajena
USR-000489,288.850619061709,11.0,67.83225482495759,29.01126243482537,Universidad,Pereira
USR-000490,387.49420859178827,12.0,,14.788604038477157,Universidad,Cartagena
USR-000491,234.29288665508918,13.0,116.99795660364437,46.36325003152016,POSTGRADO,Medellín
USR-000492,148.35764612253834,8.0,185.26327262005006,26.882330452732035,primaria,Cúcuta
USR-000493,249.08044224488074,0.0,42.19248473386414,15.369912976722738,Universidad,Bogotá
USR-000494,146.0470545347451,7.0,69.04842997421095,7.201788295720705,Tecnico,Bucaramanga
USR-000495,348.9340681310832,8.0,210.56049355936582,281.74671845602023,Universitario,Medellin
USR-000496,50.30053639922917,2.0,36.07371607443479,45.91942249084545,Secundaria,Cúcuta
USR-000497,143.31927621865717,0.0,115.92427556618355,116.07586594111015,Postgrado,Bogota
USR-000498,44.989611313278864,10.0,56.89538115985426,8.532305770417228,Postgrado,Cali
USR-000499,63.65369778016759,3.0,78.48365117740066,15.63178949955526,Postgrado,Cúcuta
USR-000500,470.92722051147985,7.0,72.97613624051094,54.86139208026282,Universidad,Cartajena
USR-000501,,10.0,34.441140714430894,,Tecnico,Bogotá
USR-000502,109.54811254197215,11.0,,,POSTGRADO,Bogotá
USR-000503,,12.0,,4.72005348704424,Primaria,Pereira
USR-000504,22.756021996470956,7.0,63.29119195878649,25.02945670913258,Tecnico,Cartagena
USR-000505,123.9097086654743,9.0,263.7392972560343,,Tecnico,Bucaramanga
USR-000506,986.6254741174448,6.0,172.58560392530674,45.695115904067,Universidad,Bogotá
USR-000507,245.77561610255367,9.0,86.46998038202663,9.875659949435239,Postgrado,Barranquilla
USR-000508,122.52307747160144,6.0,34.87323989044131,,Secundaria,Cartagena
USR-000509,251.02590642397197,9.0,32.15099162404422,57.58223388019765,Universidad,Pereira
USR-000510,60.784155391979425,0.0,400.78623041300915,65.99419273718401,Técnico,Cúcuta
USR-000511,147.21198842920583,6.0,27.606071261680604,12.62787450347954,POSTGRADO,Cartajena
USR-000512,194.34486413837573,10.0,70.6842280366896,8.943380614012138,Secundaria,Medellin
USR-000513,170.6696034136603,0.0,93.46151448204967,3.77200108041594,Universidad,Pereira
USR-000514,315.3125235333898,7.0,52.52705867791693,27.296837184515603,Postgrado,Medellin
USR-000515,230.73079893357973,18.0,28.293138741511292,14.268984862727633,POSTGRADO,Medellin
USR-000516,289.40532456857716,4.0,34.444923337576256,4.872310155646077,Tecnico,Cúcuta
USR-000517,111.95974672339106,11.0,41.37279223329396,11.32866601870028,POSTGRADO,Pereira
USR-000518,339.8385955372523,3.0,35.6838090248766,38.96789450965312,Universidad,Bucaramanga
USR-000519,,5.0,,11.499208391088871,Técnico,Medellín
USR-000520,91.917858537452,4.0,66.85222019326311,33.204631272249344,primaria,Cucuta
USR-000521,97.37923948905252,8.0,42.08655856541139,14.496265518744533,Universidad,Cali
USR-000522,,6.0,70.06497593376073,20.02928133220413,Primaria,Medellín
USR-000523,,8.0,116.65004762697902,39.9744388463603,Tecnico,Pereira
USR-000524,484.2856770574171,5.0,49.48715706804952,23.458514763035314,Primaria,Pereira
USR-000525,,2.0,147.38232537161522,3.1790485522285774,Secundaria,Cali
USR-000526,501.96575658427275,14.0,20.819928788453264,8.778528778243142,POSTGRADO,Bogotá
USR-000527,198.74847325395234,10.0,185.49679604937432,33.480678237759115,Universitario,Medellín
USR-000528,217.18731334192677,169.0,68.14280465556165,5.444707493423292,universidad,Cartagena
USR-000529,542.019845004571,0.0,66.83159704441005,13.83928864003617,Secundaria,Bogotá
USR-000530,140.71839092662748,0.0,36.19720790875748,1.5089879483556143,Técnico,Medellín
USR-000531,93.80465980336605,7.0,23.069545806722527,26.371651024478144,Técnico,Bogota
USR-000532,4150222.339452867,12.0,15.450867779301245,35.75214401540528,universidad,Pereira
USR-000533,248.796119891047,4.0,32.61878100231159,16.250703763911325,primaria,Cali
USR-000534,60.58023286236772,0.0,109.25056794297045,11.595618542978166,Universidad,Cali
USR-000535,283.2216004979826,6.0,27.264459754037212,3.315952023978073,Universitario,Barranquilla
USR-000536,124.32014807120575,6.0,15.881893782038118,491.9004446377069,Universitario,Bogotá
USR-000537,404.83066255113425,9.0,29.6687700987531,-17.265692840004974,Universitario,Cartagena
USR-000538,33.920440136766764,14.0,,31.74197473776718,Secundaria,Bucaramanga
USR-000539,104.52266704731562,7.0,50.882081694692,40.89222473847888,universidad,Cucuta
USR-000540,55.671719780903025,13.0,60.05575227621043,17.332166642386227,Técnico,Medellin
USR-000541,,12.0,166.53529832456636,14.342203292556526,Técnico,Bogotá
USR-000542,215.58734287099233,6.0,215.21882270500865,13.094390466139004,POSTGRADO,Cucuta
USR-000543,159.8988395052188,8.0,423.79031251104095,30.39190432050718,Postgrado,Bucaramanga
USR-000544,151.81090521411684,9.0,15.88005418861246,7.8350742615186615,Universitario,Pereira
USR-000545,162.15790618579473,0.0,31.76787432055318,25.30781806486581,Técnico,Cartagena
USR-000546,209.0078410891364,9.0,131.008172884676,9.487450081920914,POSTGRADO,Barranquilla
USR-000547,89.48086205607382,5.0,44.76235099010875,67.68392495189293,Técnico,Cucuta
USR-000548,297.31576285515547,407.0,150.20567474478256,17.886659328513815,Secundaria,Cúcuta
USR-000549,288.26095950812277,5.0,76.85415889599786,54.62199292494326,Universidad,Cucuta
USR-000550,237.34779535199644,10.0,277.73723799640345,24.053101509880598,Secundaria,Medellin
USR-000551,267.6214307134688,4.0,,0.6820196602685281,primaria,Bucaramanga
USR-000552,223.0715563686945,7.0,,44.38091184134592,Secundaria,Bogotá
USR-000553,,17.0,44.129719407862694,1.8561697656517966,Técnico,Bogota
USR-000554,170.55095020467618,8.0,58.165252483338286,71.2256948446205,Universitario,Cartajena
USR-000555,146.2096787384493,11.0,49.62319077867493,,Primaria,Cartagena
USR-000556,106.96810369883767,13.0,16.428550947816824,106.56520607691968,Postgrado,Cartagena
USR-000557,88.00698009513648,7.0,248.85704724248586,28.015127405384042,universidad,Bucaramanga
USR-000558,75.85849892891834,10.0,134.5107512479601,11.256370835090806,Postgrado,Bucaramanga
USR-000559,97.30417343696645,11.0,49.4417036019725,55.2870354891679,Primaria,Cúcuta
USR-000560,172.52182200436647,1.0,219.50235479162157,-8.813849391704135,Secundaria,Bogota
USR-000561,229.06517955843069,0.0,36.042068638056186,12.678730250280829,POSTGRADO,Bogota
USR-000562,187.87924469155004,2.0,13.18484345635294,0.05632265769132036,Universitario,Bogota
USR-000563,106.07276340152922,3.0,159.27157159061974,2.9891130924916482,Universidad,Cartajena
USR-000564,340.40265448861265,5.0,20.684063899605498,28.836545387443934,Tecnico,Cúcuta
USR-000565,304.1706433135585,11.0,,1.6769568361126321,Primaria,Cucuta
USR-000566,162.1053098447698,5.0,83.73116776457307,31.986169969061596,Primaria,Bogota
USR-000567,114.77327937489531,10.0,99.04087950703328,21.474069021221098,Tecnico,Medellin
USR-000568,266.10728235116545,7.0,147.14741471675356,1.2226619247576123,universidad,Cali
USR-000569,206.76471643804788,0.0,115.05827424230837,64.99858757482534,primaria,Cartajena
USR-000570,65.7796762085189,9.0,109.69103954287642,0.9498335840276985,Universidad,Bogotá
USR-000571,172.84821177977165,11.0,33.27313996432167,11.010000606933131,Tecnico,Bucaramanga
USR-000572,217.76686598281097,11.0,83.81517284057031,36.40483938262767,universidad,Bogotá
USR-000573,96.56473857321357,4.0,16.804624497507916,,Postgrado,Cartagena
USR-000574,207.03552046345806,4.0,285.2170409773168,17.576861864077767,Universidad,Pereira
USR-000575,65.47211064714412,12.0,19.777373057369264,27.622991492600462,Universidad,Medellín
USR-000576,461.89161777904667,7.0,47.95882434115237,3.426114019009054,primaria,Cúcuta
USR-000577,434.2259364513075,9.0,19.821691335780546,10.273971417545857,universidad,Cartagena
USR-000578,151.90234784320796,9.0,33.63037292925634,1.5727310818451454,Tecnico,Cucuta
USR-000579,233.78877493513997,0.0,67.39500232226293,,Postgrado,Cartajena
USR-000580,33.55059587081788,7.0,40.290095517940586,0.345156536628355,Técnico,Bucaramanga
USR-000581,3529420.203065205,5.0,189.5328042112633,25.012660697314686,primaria,Cali
USR-000582,147.577691020239,8.0,78.31683118852821,11.465496659584234,primaria,Bogota
USR-000583,85.58473048072729,7.0,42.22203409938433,0.052037110396349257,Técnico,Cúcuta
USR-000584,298.89057539865047,9.0,57.81320074038465,31.432776676088597,Primaria,Pereira
USR-000585,733.7053896359319,7.0,205.42825209362303,14.755649806045362,Universidad,Barranquilla
USR-000586,79.54872256578516,9.0,148.43612808967873,-23.1614334499937,Primaria,Cucuta
USR-000587,,5.0,23.859527346214488,3.5150519104953695,Primaria,Bucaramanga
USR-000588,,6.0,,2.1143410868179715,POSTGRADO,Cartajena
USR-000589,559.9129380918607,13.0,105.18875371000985,16.950658534488937,Universitario,Cucuta
USR-000590,77.04101799265428,11.0,89.8869138477124,15.520568353304927,Primaria,Cartagena
USR-000591,215.79422371356796,5.0,26.509173869009945,45.550355859967155,Universidad,Cucuta
USR-000592,648.6603237050588,7.0,128.07147647912325,26.19948990607756,Técnico,Cali
USR-000593,57.04090238954765,9.0,30.342717450465674,8.089986225512787,POSTGRADO,Cartagena
USR-000594,73.93982266986868,9.0,214.54510738439768,24.99093524437812,Postgrado,Bogotá
USR-000595,134.75729902417584,12.0,111.97571852054064,1.2053889869354861,Técnico,Medellín
USR-000596,125.91261202848226,7.0,25.238013016075534,33.230869669247795,universidad,Cartagena
USR-000597,320.1600097943758,6.0,42.558274017547554,27.813535397827078,Postgrado,Cúcuta
USR-000598,214.6828459384436,10.0,42.47399519977223,6.804934496354847,Secundaria,Bogotá
USR-000599,52.32773614151842,10.0,74.20728816062379,12.795435419649825,Universidad,Bogotá
USR-000600,260.02747071503944,6.0,56.35940367727493,4.447508529212297,Secundaria,Bogotá
USR-000601,120.99180050160052,8.0,23.067679982535772,62.90369082577655,universidad,Cartagena
USR-000602,442.3551436445072,10.0,18.58976466792867,-5.240149977799872,POSTGRADO,Cali
USR-000603,116.82635937282188,9.0,109.55215360902952,14.157272302395297,Tecnico,Bogotá
USR-000604,116.09041205968924,6.0,88.36922319653752,23.880758641584972,Universidad,Cucuta
USR-000605,264.7516263858641,3.0,74.95526536588497,0.22104083674904104,Postgrado,Cartagena
USR-000606,309.21862086994173,11.0,88.22924325223114,17.541567970369506,Primaria,Bogotá
USR-000607,,7.0,38.431704386643716,-26.183395386271343,Universidad,Cúcuta
USR-000608,55.70566669921926,7.0,82.05121127628773,-110.89550200927059,Primaria,Bucaramanga
USR-000609,264.178261425004,7.0,680.4201567305856,2.227338179697275,Universitario,Barranquilla
USR-000610,87.88106478790628,6.0,198.62542556802694,,POSTGRADO,Pereira
USR-000611,213.72567028528638,8.0,50.04946794525463,7.027711592505982,Secundaria,Barranquilla
USR-000612,,7.0,,53.57305967493469,universidad,Bogotá
USR-000613,247.75132052837355,10.0,5.20153347682737,20.02911346743298,primaria,Bogota
USR-000614,103.0671550945406,4.0,182.789708153859,4.397663790133922,Postgrado,Bogotá
USR-000615,73.8588430212049,9.0,128.75054877496962,28.396006190301755,Universitario,Medellin
USR-000616,298.77001461762796,9.0,40.16978471447346,1.0713965636430567,universidad,Cali
USR-000617,214.6805620040148,5.0,18.093857603771244,7.0391109198143,Técnico,Barranquilla
USR-000618,117.94474345968793,8.0,23.07814272088637,22.162339065942398,Universitario,Barranquilla
USR-000619,500.6089184271681,12.0,102.63788650774265,37.01016261968075,universidad,Bucaramanga
USR-000620,133.1589203689772,4.0,58.73484651265159,37.59975082041872,Universidad,Bogotá
USR-000621,185.3925319877324,7.0,122.52027937946934,31.85446180448743,Universitario,Bucaramanga
USR-000622,218.81779853447196,4.0,73.6074575505609,31.330091169554194,universidad,Medellín
USR-000623,117.47597517824778,11.0,157.70294383935448,37.06854259125241,Secundaria,Pereira
USR-000624,252.09232901272009,3.0,89.69141770598674,3.3633318731321755,Secundaria,Bogota
USR-000625,124.7838894909081,12.0,142.15813978323487,42.46975550122982,Universidad,Bogota
USR-000626,135.8910109596234,9.0,10.191391583404311,18.363808175117207,Primaria,Bogota
USR-000627,470.5253553809434,4.0,23.015042376449376,21.248243053465025,Postgrado,Medellin
USR-000628,87.49570996947249,4.0,49.23635709056697,17.53186337445625,Postgrado,Pereira
USR-000629,33.48353308734343,13.0,184.76497842305096,6.271716270979145,Universitario,Barranquilla
USR-000630,559.842725245582,15.0,350.93801452855524,15.627821429894116,Secundaria,Bogota
USR-000631,1079.7983252754632,10.0,59.02794580704585,7.621301233236316,primaria,Cartajena
USR-000632,,7.0,38.657023444695184,2.0126875083735283,universidad,Cartagena
USR-000633,46.721917103236414,3.0,11.723045525471123,15.371715864258789,Postgrado,Cúcuta
USR-000634,145.86203608952195,9.0,,21.106441973215407,POSTGRADO,Cúcuta
USR-000635,148.3603237945908,7.0,39.47414354414591,0.0924726905427318,Universidad,Cucuta
USR-000636,158.705980524135,10.0,,19.529973595216656,Postgrado,Bogota
USR-000637,83.14851703428565,11.0,35.43874413146395,4.705164693724534,Primaria,Barranquilla
USR-000638,271.9702811186795,12.0,457.48452575439916,8.408331616718403,Postgrado,Cartajena
USR-000639,261.6885778723323,4.0,126.36847933996833,20.910561207731057,Primaria,Cartagena
USR-000640,63.68289907190301,8.0,26.81538398549763,16.57708759040439,POSTGRADO,Pereira
USR-000641,295.727290030702,9.0,84.13516338748633,16.37236927519183,Técnico,Pereira
USR-000642,762.7112256475959,7.0,134.28822646376412,60.59534298915811,Tecnico,Cucuta
USR-000643,204.4599745195982,5.0,53.45428631236048,42.88547027114953,Secundaria,Medellín
USR-000644,143.14704469989016,9.0,147.1674931704122,25.222354328217477,Técnico,Cartagena
USR-000645,164.11998068976501,10.0,140.9640669619319,41.93144910458044,Secundaria,Cucuta
USR-000646,278.8515989423159,8.0,116.56947242098555,2.813847600274417,Universidad,Medellin
USR-000647,53.97548036582409,0.0,66.70439798693926,43.35392117755313,universidad,Cúcuta
USR-000648,203.37945935996012,6.0,23.675517481846594,14.339749937313206,Postgrado,Medellín
USR-000649,137.92019701343355,10.0,60.024611935772555,21.414995898008222,universidad,Bogota
USR-000650,660.8173705870239,12.0,81.43857802486987,17.767592847225448,Tecnico,Medellín
USR-000651,160.4655192788483,9.0,12.060101189881134,26.98153336190088,Primaria,Pereira
USR-000652,582.6119336685229,6.0,80.27136582769714,14.913664327275047,Postgrado,Pereira
USR-000653,83.71193095084799,11.0,63.52688729081451,18.80115674292786,primaria,Bucaramanga
USR-000654,273.4397805356878,9.0,21.074118872961296,16.14897923529615,primaria,Medellin
USR-000655,226.68926082709817,8.0,49.902760591344105,87.29354853293727,Secundaria,Cucuta
USR-000656,98.6587500537007,9.0,48.397994234647186,5.992896039256992,Técnico,Medellín
USR-000657,205.23943644705432,7.0,376.4129368971092,12.32065062013715,Universidad,Bogota
USR-000658,423.58880527037,5.0,82.20442129786142,20.287741126534872,universidad,Medellin
USR-000659,144.5095805876663,3.0,162.34575135247488,17.72355427786483,POSTGRADO,Bogota
USR-000660,,8.0,57.64695800789484,4.8589969765808725,Universidad,Cartajena
USR-000661,179.05732777501566,5.0,12.957104831983385,25.534134009443214,primaria,Cúcuta
USR-000662,96.38049370136225,9.0,120.08367099679671,11.736581525623198,Universidad,Bogotá
USR-000663,142.64533046801745,13.0,36.324452843747025,0.951848684196021,Primaria,Bogota
USR-000664,171.20960416356914,13.0,48.07675992398915,22.80571039527251,Universidad,Barranquilla
USR-000665,54.92911022000969,3.0,26.227861727517368,35.40438113885217,Universidad,Bogota
USR-000666,58.50072588640979,6.0,71.00817669662393,3.104310549778592,Secundaria,Cucuta
USR-000667,254.02858114164425,8.0,178.9828269869875,1.5321365123610424,universidad,Cali
USR-000668,125.72499127760152,11.0,154.58019155249005,268.79787539242216,Técnico,Cali
USR-000669,30.1046294039868,6.0,264.51519090291737,0.6007917757687181,Técnico,Bogotá
USR-000670,313.99932167200933,6.0,315.27042128977064,28.612876481282534,Universidad,Cúcuta
USR-000671,219.3478506173728,13.0,10.106838547010947,32.09984740833662,POSTGRADO,Cúcuta
USR-000672,109.97880035512816,10.0,23.521091778574913,20.89605593973233,universidad,Cucuta
USR-000673,72.11188363374829,7.0,12.594085400228773,20.16008681357369,Postgrado,Cartagena
USR-000674,,453.0,114.43700223649306,0.34610955363649953,Tecnico,Medellin
USR-000675,231.49202780185476,9.0,35.59534544908906,57.17619052214605,Primaria,Bogotá
USR-000676,960.8531597608195,9.0,41.62836897784991,4.35186884726782,Universidad,Medellin
USR-000677,243.26028921616177,9.0,55.090464125534716,20.744895262277023,primaria,Cartagena
USR-000678,237.79101480799176,16.0,93.72600808716034,105.53581489766452,Postgrado,Bogota
USR-000679,161.28136508630965,8.0,18.310401955906354,11.920642427912691,universidad,Bogotá
USR-000680,321.09695147343854,5.0,20.59377957869877,9.924503761223638,Universitario,Medellín
USR-000681,280.77668578506996,7.0,67.27646693316338,31.307114756656677,Postgrado,Bogotá
USR-000682,435.3749030461219,6.0,,6.8451133929738495,POSTGRADO,Bogotá
USR-000683,125.84789018932379,6.0,62.75222421363779,11.360351731425585,POSTGRADO,Barranquilla
USR-000684,133.64870712350537,6.0,33.15057977618023,7.827351965568232,Postgrado,Cúcuta
USR-000685,129.62268152360488,10.0,9.998033493012663,41.408397894357435,POSTGRADO,Barranquilla
USR-000686,315.3115522595057,10.0,,24.71085558709918,universidad,Bogota
USR-000687,517.4237173606017,9.0,35.882808913001085,13.894692164034648,Secundaria,Cali
USR-000688,131.47433412289396,8.0,24.267198314076104,,Secundaria,Bogotá
USR-000689,134.647249301922,10.0,14.091184440304634,21.61862514905767,Primaria,Cartajena
USR-000690,225.84615936492835,7.0,19.029578492370423,4.491480328610237,Técnico,Medellín
USR-000691,,11.0,27.30469548107178,31.2642589874399,Universidad,Cali
USR-000692,352.9892337575976,6.0,54.237444572117894,65.00193020799817,Primaria,Bucaramanga
USR-000693,37.478067550902544,12.0,23.065811904475478,27.485418073204084,universidad,Cartajena
USR-000694,101.62671740487794,5.0,81.75190533694108,23.774186427753126,Postgrado,Cucuta
USR-000695,104.826705848942,11.0,55.64582614975954,10.408035032654652,universidad,Cali
USR-000696,35.7214300903073,10.0,472.20102875173677,7.5606286868131605,primaria,Pereira
USR-000697,92.3377535671548,8.0,14.707467898194713,43.361448078775226,Técnico,Cúcuta
USR-000698,95.52526036089603,10.0,74.83572016754893,7.211100536561721,universidad,Cartagena
USR-000699,157.46870527194451,4.0,80.16876667446756,,POSTGRADO,Cartagena
USR-000700,395.07519906531195,9.0,26.906518542638203,8.713579056961397,Universidad,Cartajena
USR-000701,152.6973021113648,12.0,70.34021352866627,,Universidad,Bogota
USR-000702,88.09628779688735,9.0,137.74113061523244,26.68157414888235,primaria,Medellin
USR-000703,174.18741567730834,8.0,72.45849358013491,7.751864593162264,Tecnico,Cúcuta
USR-000704,377.8213765066473,4.0,232.84956999960866,18.02366770761093,primaria,Barranquilla
USR-000705,91.54483284401749,9.0,9.836934623188384,,Tecnico,Cucuta
USR-000706,95.83208843629781,6.0,31.73852032065731,72.46098234479776,Primaria,Cartagena
USR-000707,267.9992739839182,6.0,253.75462832045352,30.701836273773353,Primaria,Bogotá
USR-000708,155.23261269036905,9.0,144.2132854908712,26.55634511365539,Postgrado,Cartajena
USR-000709,285.21385961834244,8.0,105.20600543339685,42.9827441318389,Técnico,Cartajena
USR-000710,179.5488374302978,6.0,192.74981045084016,0.39038085048913806,Primaria,Cali
USR-000711,296.23840536135816,8.0,11.68479781222822,94.04570154146943,Técnico,Cucuta
USR-000712,87.833705822839,0.0,134.340587834708,7.999002917572328,Técnico,Cali
USR-000713,,8.0,174.3320062316796,53.9999744418722,POSTGRADO,Bogota
USR-000714,156.41566609548755,8.0,37.56109776454404,15.830310414171446,Universitario,Bogota
USR-000715,77.39145338583164,9.0,,11.431305945580775,Universidad,Bucaramanga
USR-000716,60.677043864472175,15.0,80.38504803167953,,POSTGRADO,Cali
USR-000717,292.95655591395064,8.0,9.6538768247949,58.802000078123946,Tecnico,Cali
USR-000718,141.78804936555994,10.0,91.02542045556525,30.3383796522557,Técnico,Medellin
USR-000719,88.62409762436346,10.0,35.442425298870866,7.703934486426435,Postgrado,Cúcuta
USR-000720,169.46980072854427,6.0,181.63330216386152,5.4397163970632025,POSTGRADO,Cartajena
USR-000721,399.26014628889254,6.0,109.53668901726866,11.08061266300162,Postgrado,Bucaramanga
USR-000722,36.72594700965979,16.0,39.87449786700982,27.611719405344747,Universidad,Bucaramanga
USR-000723,63.58343097014474,5.0,245.79316081326817,16.562797164296796,POSTGRADO,Pereira
USR-000724,95.00974741194248,8.0,152.7393425512355,28.104883369741202,universidad,Medellin
USR-000725,504.1254806888101,11.0,32.850631031913395,49.9031459576897,Postgrado,Cartajena
USR-000726,220.92226289747373,5.0,56.561218175783345,2.5579796031454882,Tecnico,Cali
USR-000727,310.1704758185602,11.0,108.55618048647169,16.69252984666493,Universitario,Cúcuta
USR-000728,81.60474066045491,10.0,48.58546300889149,26.713059345432136,Universidad,Cúcuta
USR-000729,82.7914576268111,6.0,47.695200046736254,8.269901341033625,Postgrado,Medellin
USR-000730,248.0101323811275,5.0,70.59333871482596,99.73037406216244,Primaria,Bucaramanga
USR-000731,188.8195942924264,13.0,25.635657122239373,26.708304152682302,Secundaria,Medellin
USR-000732,,9.0,8.592941447897886,7.560013514786961,POSTGRADO,Pereira
USR-000733,158.95645652010836,11.0,86.41645481363763,4.7464373111368525,Primaria,Bucaramanga
USR-000734,220.23620038267543,5.0,11.124900957661879,82.75309979977277,Tecnico,Bogotá
USR-000735,202.48855358313344,7.0,27.95169232326363,29.331038529071165,Técnico,Cali
USR-000736,312.44772411760124,9.0,13.156813696227818,11.590180728113552,primaria,Cali
USR-000737,,8.0,14.576982910789145,11.053935460953353,Universitario,Cucuta
USR-000738,58.32842879529706,7.0,100.2396471008115,1.073672228886322,POSTGRADO,Cúcuta
USR-000739,37.596539487798495,7.0,55.542901561896386,,Universidad,Bogotá
USR-000740,365.48373530715287,6.0,51.65522301281031,15.459445040003219,POSTGRADO,Bucaramanga
USR-000741,416.30058743402844,5.0,20.905626848143086,35.051070367733935,Postgrado,Medellín
USR-000742,88.72696863511378,7.0,36.97473795830451,11.412628599171077,Tecnico,Cali
USR-000743,49.309423824991924,8.0,92.16252410320334,14.688377143760581,Secundaria,Medellín
USR-000744,194.2846544659118,9.0,65.45787551840475,10.588378446359052,Técnico,Bogota
USR-000745,347.7857949295546,7.0,141.46003866514002,0.8890024556227996,universidad,Cartagena
USR-000746,637.9858891012394,11.0,159.064436875753,2.8042594385804094,Universitario,Bogota
USR-000747,260.18900272136244,5.0,54.595232048787516,5.77868705079554,Tecnico,Bogotá
USR-000748,139.7420624750105,5.0,12.647359531158695,17.285962673465274,Universidad,Cucuta
USR-000749,97.00946634144525,6.0,35.23143382346204,41.95592970612013,universidad,Cali
USR-000750,182.7311421853842,2.0,63.01607765223139,10.326424420161677,universidad,Cartajena
USR-000751,147.01207220941407,5.0,32.68377886884319,2.694749755596064,POSTGRADO,Pereira
USR-000752,89.07266221258138,2.0,25.72141638181454,12.254893272012954,Secundaria,Bogotá
USR-000753,760.6162466732886,10.0,74.25428037600906,0.0997823820991508,Primaria,Cucuta
USR-000754,632.4605717158523,8.0,617.7181487123722,7.312350945486607,primaria,Bogota
USR-000755,401.51065799990477,6.0,41.64837765932282,4.5560687990466775,Primaria,Cucuta
USR-000756,95.14525477768504,11.0,65.01685369813893,47.21235217416945,Secundaria,Medellin
USR-000757,329.80894326913676,5.0,20.196655354321077,27.78577979071524,primaria,Bogota
USR-000758,283.6492633267214,9.0,211.94826045984834,0.06454878709115758,Técnico,Medellín
USR-000759,247.0972384130501,10.0,152.79883666717308,6.959020140770274,Técnico,Cali
USR-000760,434.7476235309407,13.0,141.87504562166177,-5.010247038226887,Universidad,Cúcuta
USR-000761,282.8056181550838,5.0,221.65712716719375,4.24938058965372,universidad,Cúcuta
USR-000762,304.29875496217346,0.0,47.15164755038417,5.538222774475498,Universidad,Cúcuta
USR-000763,283.1096839529313,11.0,48.423530495097836,4.926974586779993,Universitario,Bogotá
USR-000764,230.10920155166855,7.0,308.3208853017647,47.666319047482716,Secundaria,Pereira
USR-000765,52.01188286967994,10.0,116.41281987741513,-8.953086543291374,Secundaria,Barranquilla
USR-000766,192.19966512085196,8.0,9.08130701629754,12.917579180925914,Secundaria,Bogota
USR-000767,122.81333841211759,6.0,101.02667808370147,0.675427607520491,POSTGRADO,Pereira
USR-000768,74.0034215762386,6.0,38.42192012935577,29.960195986013343,Técnico,Cucuta
USR-000769,588.3203623802956,8.0,145.2367231299629,29.993977472304262,Primaria,Bogotá
USR-000770,608.0740933598187,5.0,99.21373236704204,6.128393478106094,Universidad,Barranquilla
USR-000771,469.3995948094032,8.0,,46.784057817169845,universidad,Bucaramanga
USR-000772,216.72936121067968,9.0,84.88314384700813,0.9622454580470747,Universidad,Cúcuta
USR-000773,466.5837743042342,8.0,78.11984960317085,31.75112663676517,Universidad,Medellín
USR-000774,182.8081471024908,6.0,90.82260382747853,,Primaria,Cúcuta
USR-000775,208.9213977338674,11.0,109.44845143314228,40.95833804941899,universidad,Medellín
USR-000776,84.31586470150864,4.0,261.6498487190222,41.27066973507157,Técnico,Cali
USR-000777,239.3421009366548,7.0,96.36012274829558,94.96049709271324,Primaria,Medellín
USR-000778,189.0988983506089,8.0,66.7096052845869,18.0457765113386,Universitario,Cúcuta
USR-000779,72.83113324260073,8.0,193.5950993169486,10.202459368742362,POSTGRADO,Pereira
USR-000780,174.89084242394787,7.0,481.14269443219314,6.613465413376767,universidad,Bogotá
USR-000781,171.432448943187,10.0,155.9992468518845,0.9569957988173723,POSTGRADO,Cartajena
USR-000782,637.9709929089536,5.0,78.26454108325407,12.611852525900897,Postgrado,Medellín
USR-000783,338.9827868912817,10.0,102.5375759727693,,primaria,Cucuta
USR-000784,182.73039357298177,4.0,79.81656663154331,25.30442901775372,Universidad,Bogota
USR-000785,215.75664237532388,10.0,68.19129478133493,20.62790663515252,primaria,Cali
USR-000786,186.97009133407377,9.0,473.8098622993744,34.27338102692592,Tecnico,Medellín
USR-000787,157.2693924892571,9.0,34.245400809286224,6.491515908836425,universidad,Bucaramanga
USR-000788,84.97023016813108,5.0,194.4997312806398,42.97137768028351,Primaria,Bogotá
USR-000789,163.08371952606248,12.0,57.23542581742038,9.224987135100513,primaria,Cartagena
USR-000790,107.52584317924271,11.0,17.446559944532527,,Universidad,Bogota
USR-000791,75.54882400050077,7.0,58.3373069426358,27.891902673083344,primaria,Cartajena
USR-000792,259.2661836869532,5.0,42.35297770425853,0.6397489748608991,primaria,Cucuta
USR-000793,238.38458239863593,7.0,112.12945064513147,,primaria,Cucuta
USR-000794,51.89927090720029,9.0,72.81705164150225,6.757729720593094,Tecnico,Bogotá
USR-000795,166.354450136436,12.0,27.281926133383877,3.3443067828438524,Tecnico,Cucuta
USR-000796,363.9407101367436,12.0,257.61968006199385,5.789519437742512,POSTGRADO,Medellin
USR-000797,380.4887525579611,5.0,184.78530378909028,6.827458116755854,universidad,Cúcuta
USR-000798,371.69952151701636,9.0,287.51002851453575,45.85492575685926,Técnico,Pereira
USR-000799,186.27782551350572,7.0,81.83243671341488,1.409190670168447,Secundaria,Bogota
USR-000800,100.33035290979775,10.0,65.5428775748783,21.09958199152604,Tecnico,Cali
USR-000801,4716650.52908428,6.0,125.40224782625988,37.209266279781865,POSTGRADO,Bucaramanga
USR-000802,230.72428663945894,8.0,38.14214064658421,-1.9094686991001941,Primaria,Bogota
USR-000803,236.39308268820173,12.0,77.37897732302811,1.436392139513923,Técnico,Medellin
USR-000804,446.3626678151188,7.0,57.51321877509146,30.060023344431592,universidad,Cartagena
USR-000805,391.50009388507857,7.0,17.1134219696945,-12.319643864429892,Secundaria,Pereira
USR-000806,165.246771326869,0.0,76.11475917009076,21.43734542954698,Primaria,Medellin
USR-000807,75.8726202496403,9.0,43.86870595856819,29.26384199919188,POSTGRADO,Cali
USR-000808,144.98428860367196,10.0,51.2991601761888,3.095351099006628,Primaria,Cucuta
USR-000809,211.0429856880703,7.0,93.50444142416784,,Técnico,Bogota
USR-000810,157.36087400293826,11.0,214.48400867855662,58.720703429189285,POSTGRADO,Medellin
USR-000811,120.96171908538372,10.0,31.119475838229825,9.785803773618097,Secundaria,Medellin
USR-000812,216.3763754964725,10.0,46.82413103442618,54.47047665852416,Universitario,Cali
USR-000813,127.38698521003316,0.0,33.753511042937696,14.900894107223364,primaria,Cartagena
USR-000814,116.78723107059933,0.0,30.03128365543785,5.724595435082994,primaria,Medellín
USR-000815,225.43164441558508,7.0,40.71695966893192,133.20174211037855,Tecnico,Cali
USR-000816,136.81165431344843,7.0,54.57905778929602,27.15286020489861,Primaria,Pereira
USR-000817,215.0505404331787,8.0,117.18026604736603,119.52276923525302,Primaria,Cucuta
USR-000818,219.47598438801296,0.0,84.63786507405008,34.41200383011946,Secundaria,Pereira
USR-000819,81.646560959683,5.0,,0.6852837060106929,Postgrado,Cúcuta
USR-000820,129.42883757366369,7.0,212.69799119223038,8.28782846625848,POSTGRADO,Cartagena
USR-000821,495.9344982088981,7.0,160.05269108950756,8.238270271539871,Primaria,Medellín
USR-000822,80.36223413060692,10.0,30.945814242743225,18.419982524489136,Postgrado,Bogota
USR-000823,,0.0,201.1009583712341,27.983289649526856,Postgrado,Cartagena
USR-000824,49.24010298133254,7.0,88.20689786889689,31.364801337964437,Secundaria,Cali
USR-000825,185.00391048351744,7.0,55.28910766214799,14.475475159894561,Universidad,Cucuta
USR-000826,185.2381129716466,15.0,92.81498890596313,53.336055141713175,Técnico,Bogotá
USR-000827,166.94633295226285,9.0,64.37582228735103,10.546624636774402,Secundaria,Bucaramanga
USR-000828,424.08456463950137,6.0,113.37142058352967,5.065727192472463,primaria,Medellín
USR-000829,27.910861016677586,11.0,78.77438671055387,96.62447600462849,POSTGRADO,Cali
USR-000830,239.16500521410939,10.0,,15.971488133558257,Postgrado,Cali
USR-000831,540.7768631963902,295.0,11.144927177263236,15.513601666562415,universidad,Pereira
USR-000832,82.31500934076224,6.0,102.86967136774648,0.7582321289016103,universidad,Cúcuta
USR-000833,138.95295765983968,7.0,47.35996801077746,37.444180253658395,Tecnico,Bogotá
USR-000834,107.01571126551548,4.0,139.5982125445708,18.23574889604914,Tecnico,Bucaramanga
USR-000835,96.92696606493331,17.0,102.09710868832357,9.885556629676103,POSTGRADO,Cúcuta
USR-000836,144.2599090308766,4.0,49.08711142979767,-134.1623277504233,Tecnico,Bogotá
USR-000837,492.37454567992955,9.0,173.69841987157236,21.734427134562075,POSTGRADO,Cucuta
USR-000838,656.0064838685897,9.0,78.04244294420508,12.412877741154087,POSTGRADO,Bogotá
USR-000839,143.28598703968393,6.0,80.31674631285199,42.47202338906355,Universitario,Barranquilla
USR-000840,687.8302995277114,10.0,58.285295573030695,473.40575651931147,Postgrado,Bogota
USR-000841,185.84324208644907,11.0,306.267978189729,3.113096981808249,Universidad,Bogotá
USR-000842,618.6772422529259,5.0,34.49154849180557,109.16758148218784,primaria,Cartagena
USR-000843,169.8118306099521,7.0,50.01390921700248,99.59375767770095,Tecnico,Cúcuta
USR-000844,198.68893841553842,7.0,20.91109005972162,63.978583399831194,Universitario,Barranquilla
USR-000845,,6.0,122.68384236367054,3.491079688665682,primaria,Cali
USR-000846,1677.7310189144991,7.0,,16.565605654028758,Primaria,Cartagena
USR-000847,328.9480719834318,9.0,42.9624056884612,15.235783354771007,Técnico,Bogota
USR-000848,110.48887410256995,9.0,42.36276050838382,7.538727292422957,primaria,Bogotá
USR-000849,357.2009502214023,9.0,67.29857300047627,6.144254609815571,Universidad,Bogota
USR-000850,140.7122780065121,9.0,20.916084833865188,2.343588071575635,Postgrado,Bogotá
USR-000851,128.66020662636316,8.0,8.59867756129304,13.027352922972028,Universidad,Cucuta
USR-000852,342.414144033846,10.0,100.07951637864416,11.740706135653951,Primaria,Cartajena
USR-000853,185.25993842216604,10.0,9.700287885335293,10.47524543434509,Postgrado,Medellín
USR-000854,220.30283888118913,12.0,138.63125020995201,175.59916442919575,Postgrado,Cartagena
USR-000855,183.0555493802244,10.0,,12.923261942286903,Universitario,Barranquilla
USR-000856,229.43234399314383,0.0,58.92663257600987,,Secundaria,Bogota
USR-000857,244.0751398778531,7.0,218.7437444767009,23.00983126773938,Postgrado,Pereira
USR-000858,46.717701833674525,6.0,63.785950458814796,8.96517315148954,Tecnico,Pereira
USR-000859,289.0503423794041,10.0,291.2400468784393,62.3129002555617,Técnico,Cucuta
USR-000860,91.15728363120922,4.0,44.72461817782284,0.761999703237833,Universidad,Cucuta
USR-000861,,5.0,8.028580980868998,327.5542272573928,Primaria,Cartagena
USR-000862,174.00988871567,10.0,,27.14119196216211,primaria,Cucuta
USR-000863,192.24809556831437,3.0,302.18822014463075,57.2791882040455,Tecnico,Cartagena
USR-000864,111.55811711068503,15.0,107.65625250929095,8.892319047542815,Postgrado,Bogota
USR-000865,324.3172814521473,7.0,40.839158182200336,25.946972103640018,Postgrado,Medellín
USR-000866,70.84379504477747,8.0,91.34505479446055,62.61067878865566,Universitario,Bucaramanga
USR-000867,136.33831074758078,9.0,156.75470201041358,0.6921645675434724,Postgrado,Barranquilla
USR-000868,120.37213937370986,9.0,,68.61666158113762,Universidad,Cúcuta
USR-000869,175.45610729853973,2.0,684.2279510793996,1.4106923078117117,Universitario,Bogota
USR-000870,220.34731350148047,4.0,40.29929830677659,3.219917334859364,Técnico,Barranquilla
USR-000871,89.52115224259704,8.0,163.40249216501857,82.9373176678314,Tecnico,Bogota
USR-000872,300.9661723516049,7.0,125.80966518465665,,Técnico,Medellín
USR-000873,,1.0,,34.84682424101865,primaria,Bogota
USR-000874,48.213430469118606,10.0,44.59527295902155,84.85692039081513,Técnico,Medellín
USR-000875,4924019.2454150915,7.0,167.59040611788686,54.77880108606276,universidad,Cartajena
USR-000876,179.7157605895473,10.0,79.27559401474365,3.39228984242965,Postgrado,Bogotá
USR-000877,155.29443219024057,0.0,93.73809200923549,2.4431804987325876,Técnico,Medellín
USR-000878,168.61296161140345,6.0,15.413493175607735,,Universitario,Cúcuta
USR-000879,,5.0,119.36333468271106,-17.956941692322058,POSTGRADO,Bogota
USR-000880,212.2769707217854,7.0,,13.874326708678858,Primaria,Cartagena
USR-000881,,7.0,65.62286303471652,34.257167597307614,primaria,Bucaramanga
USR-000882,83.28151113355672,9.0,92.18125822454948,95.51185738775962,Universitario,Cucuta
USR-000883,79.80769153564282,15.0,44.29226046241472,200.16624944987117,Universitario,Bogota
USR-000884,84.3245715062253,8.0,,45.50657685760575,Técnico,Bogota
USR-000885,221.90329237237597,5.0,51.014616414941685,0.030779620682338246,Secundaria,Cúcuta
USR-000886,433.3142282052701,6.0,45.07541056937652,54.18414229542863,primaria,Cali
USR-000887,,10.0,454.90208032553124,18.23823286788758,universidad,Barranquilla
USR-000888,31.46293256914456,8.0,145.55450925780144,,Técnico,Barranquilla
USR-000889,54.992950053587286,11.0,28.678828270504045,5.615872574333202,Universidad,Cartagena
USR-000890,101.17728691278705,2.0,424.72470983285973,79.89308975547603,primaria,Barranquilla
USR-000891,122.68128072544049,8.0,45.449430094022816,50.985280222824485,Postgrado,Bogotá
USR-000892,136.2004858543618,5.0,70.67311281257389,19.954577422829168,Postgrado,Bogota
USR-000893,1169384.4559948193,8.0,154.8116345116021,35.319394135399534,universidad,Bogotá
USR-000894,145.73320228852356,6.0,11.276856006229888,39.0233176671768,POSTGRADO,Medellin
USR-000895,377.8652790188834,6.0,56.549385373875324,3.943555938810313,Universitario,Cucuta
USR-000896,112.93222793747987,8.0,39.238371679723535,-40.17014088901061,Primaria,Pereira
USR-000897,99.12457856224609,7.0,77.56925870541806,33.72346704727994,Universidad,Barranquilla
USR-000898,253.4617380598544,7.0,96.26042862186002,14.415649565151645,Primaria,Bogotá
USR-000899,61.87093681224302,11.0,61.68172867522187,,Tecnico,Bogotá
USR-000900,238.1222491585122,9.0,61.897709588897385,0.036434270599063984,universidad,Cucuta
USR-000901,194.7637389008457,5.0,166.29159846388745,,Técnico,Cali
USR-000902,163.49628315096422,11.0,84.07135833458597,1.741112915228512,Tecnico,Bucaramanga
USR-000903,551.0322156259625,8.0,66.03728336137324,25.52481745431198,primaria,Cartagena
USR-000904,117.26716442465886,11.0,76.95593215363778,55.650178043108546,Primaria,Bucaramanga
USR-000905,766.7867407588449,6.0,359.5839736589423,32.05600107399127,Secundaria,Bogota
USR-000906,154.80991129203102,12.0,77.14023300651024,36.57177230098341,Tecnico,Bucaramanga
USR-000907,,4.0,40.25380996968388,3.123670098927329,Técnico,Cartagena
USR-000908,190.36508086062344,0.0,11.812602506377937,59.167951815906505,primaria,Barranquilla
USR-000909,85.33872690882755,3.0,18.06803479702741,27.720669273091737,Tecnico,Cartagena
USR-000910,,8.0,44.43031203015064,11.182364569575952,Técnico,Medellin
USR-000911,239.3491369467023,0.0,61.40930762218762,34.8339206575057,Primaria,Cartajena
USR-000912,267.4432681215893,5.0,,1.7168781995218279,Primaria,Cucuta
USR-000913,2779751.044108025,5.0,90.74153837947777,37.169825020428775,POSTGRADO,Cucuta
USR-000914,361.833297469227,8.0,40.54829023542245,10.625052250348196,primaria,Pereira
USR-000915,407.58741728313265,0.0,28.575516310176226,0.23018593116199393,Universidad,Cali
USR-000916,3187951.1503128726,0.0,114.66834907988104,19.3979556409925,Primaria,Cucuta
USR-000917,262.5888195491469,4.0,231.3103680661502,24.369102369378815,universidad,Bucaramanga
USR-000918,470.7843334838451,6.0,24.380624865239565,18.592043171883063,Primaria,Bogotá
USR-000919,48.59113468694548,2.0,79.14599945585492,1.0644914559732275,Primaria,Barranquilla
USR-000920,145.10613148529282,12.0,11.674015006704373,33.21730067421756,primaria,Cúcuta
USR-000921,,4.0,18.176863383235737,6.432769949938653,universidad,Barranquilla
USR-000922,197.05011806218073,4.0,38.26897467650477,17.59077665226137,primaria,Bogota
USR-000923,121.50866128817522,9.0,191.080780368995,14.729371100910857,POSTGRADO,Cartajena
USR-000924,161.3683291323428,7.0,32.978303260050176,22.585191064132157,Técnico,Cali
USR-000925,676.8992314673139,5.0,31.90612550555265,7.830149800404222,primaria,Cartajena
USR-000926,160.966479670889,6.0,70.75128845833143,,Universidad,Bogotá
USR-000927,242.17355100367078,0.0,68.14487576439636,6.788261618510462,Universidad,Bogotá
USR-000928,154.07068167796032,9.0,32.036686213730306,4.537016538371175,Secundaria,Cartajena
USR-000929,191.1386921733209,5.0,382.7191707440964,31.103463442650494,Universitario,Pereira
USR-000930,,11.0,53.4217442475481,32.49219863484224,Universitario,Cartajena
USR-000931,248.09874845860233,10.0,73.64205130492743,6.96960622482179,Universitario,Pereira
USR-000932,409.8188672485685,0.0,47.888246134664406,18.88808272794083,Secundaria,Bucaramanga
USR-000933,574.313720450523,13.0,98.66525856833579,23.088539198566092,Secundaria,Medellin
USR-000934,225.14261758510975,2.0,200.91991136476423,19.055893527814817,Universitario,Bogota
USR-000935,273.87801875159374,6.0,292.0653208531643,97.1998852207168,universidad,Cartagena
USR-000936,80.99560092017137,11.0,32.57166376952307,30.37449392181549,Primaria,Cartajena
USR-000937,170.45754798717022,14.0,185.5315867495015,85.67784429967676,universidad,Cucuta
USR-000938,350.0943275359623,8.0,104.94031952608694,16.17486610848699,POSTGRADO,Cartagena
USR-000939,332.34648256062155,4.0,166.75209184684815,1.1113446310603714,Universitario,Pereira
USR-000940,210.21415839558713,6.0,58.489303907699686,12.022236586330559,Técnico,Bucaramanga
USR-000941,337.13241354038774,11.0,56.47997019093173,,Universidad,Cartajena
USR-000942,255.58031285953282,8.0,147.96429036463857,69.41770932747609,Universitario,Cartagena
USR-000943,419.98306153329736,7.0,161.87107806361865,26.488928032215036,Postgrado,Bogotá
USR-000944,221.97203597686803,6.0,265.03815767623513,16.777435195963335,Universitario,Cucuta
USR-000945,141.31778929332228,7.0,80.25936264065514,37.73716873169482,POSTGRADO,Cúcuta
USR-000946,229.3132286961149,5.0,63.090970135500086,-8.30301032573637,Postgrado,Bucaramanga
USR-000947,23.3030426271649,12.0,7.396059634476304,10.690882826778104,primaria,Bogota
USR-000948,236.99049040804437,6.0,15.137403768481605,4.740312095075903,Postgrado,Bogota
USR-000949,14.0991008006875,9.0,48.15426727001534,,primaria,Cúcuta
USR-000950,54.2485147852943,7.0,24.61061200603569,4.7519973836839915,Primaria,Barranquilla
USR-000951,248.69767960235333,10.0,132.00110299317095,11.104610533258114,POSTGRADO,Cartajena
USR-000952,253.2230032056541,8.0,20.484259357468563,13.069928428801159,primaria,Barranquilla
USR-000953,80.34258899587806,11.0,43.798355775658806,,Técnico,Cartajena
USR-000954,,5.0,43.691224712605944,83.39960510129873,primaria,Cartajena
USR-000955,473.134021556949,7.0,202.30638356435412,13.6401468797304,Universidad,Medellín
USR-000956,129.17639945412105,11.0,39.367057395906414,,Tecnico,Cucuta
USR-000957,871.3504231062611,6.0,99.76853254956956,65.41090689452787,Universitario,Barranquilla
USR-000958,181.02879423355287,13.0,78.12466060147585,2.821310150176478,Universidad,Cartagena
USR-000959,241.1997247822392,7.0,153.7550644869022,54.64323298459642,Universitario,Cartajena
USR-000960,562.1743757759155,10.0,141.45741511670525,1.0401016040739712,Primaria,Cúcuta
USR-000961,198.68466726582113,10.0,62.57439211591685,9.456491834179994,POSTGRADO,Medellin
USR-000962,89.86955351312324,10.0,14.228668706345738,16.511272166558577,primaria,Bogotá
USR-000963,167.87015334590296,10.0,56.172338096493,0.2799712029494043,universidad,Medellín
USR-000964,176.80942978459206,10.0,64.08054360368762,26.447863888422155,universidad,Pereira
USR-000965,,11.0,83.97732330262473,8.65131822129335,Universidad,Medellín
USR-000966,151.55029500109316,6.0,33.07750971369235,,universidad,Medellín
USR-000967,107.8202549060026,14.0,177.9155685578823,18.620590090852936,Universidad,Bucaramanga
USR-000968,346.2116973570946,8.0,70.7268587000917,362.98672200499357,universidad,Medellín
USR-000969,185.71779900408472,11.0,29.230810980995255,12.857121855155139,Primaria,Barranquilla
USR-000970,148.7166734955355,8.0,45.16397143816967,7.045855502681354,Secundaria,Cali
USR-000971,168.28730180100186,15.0,388.626918521418,88.84702691626795,POSTGRADO,Cartajena
USR-000972,211.91503433189092,9.0,119.46956659245771,9.560324274320562,Universitario,Cartajena
USR-000973,279.1557695392131,11.0,176.4545743794065,-11.93741340884231,Secundaria,Cartagena
USR-000974,90.0352661717611,5.0,27.321856328760965,24.600664422606915,Técnico,Cartagena
USR-000975,87.43438769479418,9.0,36.74278370246194,16.75524582916074,primaria,Bucaramanga
USR-000976,392.79013074960005,7.0,36.88010321821397,34.18025990351714,Primaria,Cartagena
USR-000977,,10.0,78.19100981392647,9.53613609344445,Postgrado,Cartagena
USR-000978,67.23611543160622,10.0,58.96598732763802,65.57747739538527,Universidad,Bucaramanga
USR-000979,247.31650091117166,9.0,41.16011007896202,43.25971888324595,Secundaria,Bogota
USR-000980,250.72553736658338,9.0,49.2544205779944,37.403892217969194,Técnico,Bucaramanga
USR-000981,62.08468374301291,7.0,32.184068787913915,30.01973882010862,Técnico,Medellín
USR-000982,212.8605381558071,8.0,57.095218027628874,11.852775704298763,Primaria,Medellin
USR-000983,303.3563432093293,7.0,188.7527483931501,,universidad,Bogotá
USR-000984,235.5847016733422,8.0,17.26397183587884,1.3653404205608346,Técnico,Cartagena
USR-000985,282.13538337717625,7.0,86.767087152035,16.877438677411384,Primaria,Cucuta
USR-000986,,8.0,236.063246307476,16.758729937690777,Primaria,Cali
USR-000987,1586972.9328306098,6.0,58.97651154584209,17.621680300544565,POSTGRADO,Cartajena
USR-000988,146.66721375290564,10.0,42.01862094875838,42.150355156716984,Secundaria,Cali
USR-000989,129.2885707879222,12.0,158.74712778449296,31.753647281918695,POSTGRADO,Cucuta
USR-000990,333.41532217486264,4.0,28.394969546850838,6.668261767803427,Secundaria,Pereira
USR-000991,510.5518285229945,10.0,67.69887056591156,30.839920550576334,Primaria,Cúcuta
USR-000992,636.5474975439228,10.0,25.74981772683416,24.4732246016585,primaria,Cali
USR-000993,455.03098250675293,8.0,12.35822874466324,-13.070193277044782,Tecnico,Cucuta
USR-000994,167.86936251900642,5.0,60.18514558793719,13.079111153500993,Primaria,Bogotá
USR-000995,232.0386874742267,7.0,22.268308399146854,13.5580469938979,Universidad,Pereira
USR-000996,310.0631573913965,6.0,63.65908197557777,0.09000677025202909,Universitario,Bucaramanga
USR-000997,197.3195635570737,10.0,176.11932731052622,30.464353176104453,Primaria,Cartajena
USR-000998,198.64810275803003,12.0,348.41500361088305,50.43637706422297,Secundaria,Cartajena
USR-000999,322.66905237758783,17.0,74.5035880445466,7.121531583342145,Universidad,Medellin
